beerid,breweryid,name,abv,ibu,isorganic,isretired,servingtemperature,foodpairings,status,styleid
c4f2KE,nHLlnK,Murican Pilsner,5.5,,N,N,,,verified,98
zTTWa2,nHLlnK,11.5° PLATO,4.5,35,N,N,,,verified,164
zfP2fK,nLsoQ9,12th Of Never,5.5,45,N,N,,"Pizza, Spicy Thai, Korean, or Indian food, Pizza, Whitefish (without heavy sauces) like Sea Bass, Trout, & Most Lake Fish, & Pizza",verified,25
xwYSL2,TMc6H2,15th Anniversary Ale,,,N,N,,,verified,5
UJGpVS,TMc6H2,16 So Fine Red Wheat Wine,11,,N,N,,,verified,35
vz5JZ1,DifSi4,1794 The Fergal Project,4.5,,N,N,,,verified,42
LcpeBb,TMc6H2,17th Saison,9,,N,N,,,verified,72
Yd8G8r,TMc6H2,18th Anniversary Belgian Tripel,10,17,N,N,,,verified,59
iJ329Y,TMc6H2,19 - Golden Belgian Style Ale,7,,N,N,,,verified,135
O78ldO,BznahA,1904 American Red Lager,5,,N,N,,,verified,93
qGDeH1,nHLlnK,2 x 4,8.7,,N,N,,,verified,70
MgdJep,HaPdSL,200th Anniversary Export Stout,6,,N,N,,,verified,24
ISTT06,nHLlnK,2017 Beer Camp,6.5,50,N,N,,"Grilled Fish, Blackened Chicken
Sharp Goat Cheese
Lemon Sorbet",verified,30
v4KRep,TMc6H2,20th Anniversary Imperial Hash IPA on Brett,9,81,N,N,,,verified,31
uIgENV,nHLlnK,20th Street Ale Citra,7.3,,N,N,,,verified,
WcP2Ww,nHLlnK,20th Street Ale Crystal,7.3,,N,N,,,verified,
HyxQE4,nHLlnK,20th Street Ale Magnum,7.3,,N,N,,,verified,
e9sjBk,TMc6H2,21st Anniversary,7.9,7,N,N,,,verified,57
YZXVKq,IImUD9,25th Anniversary,9.8,,N,N,,,verified,158
7z8RTq,nHLlnK,3 Weight,4,,N,N,,,verified,164
f5CWb6,nHLlnK,"30th Anniversary - Charlie, Fred & Ken's Bock",8.3,,N,Y,,,verified,89
0KEzfx,nHLlnK,30th Anniversary - Fritz and Ken's Ale,9.2,,N,Y,,,verified,43
KjumXn,nHLlnK,30th Anniversary - Grand Cru,9.2,,N,N,,,verified,138
8M5lCq,nHLlnK,30th Anniversary - Jack & Ken's Ale,10.2,,N,Y,,,verified,34
ajbd6g,nHLlnK,35th Anniversary  - Brewer's Reserve,8,,N,N,,,verified,14
NoNhan,TMc6H2,420 Extra Pale Ale,5.4,41,N,N,,,verified,25
pOUbfg,TMc6H2,420 Fest,8,,N,N,,,verified,31
jIKwgZ,TMc6H2,420 Strain G13 IPA,6,48,N,N,,,verified,30
lWygSS,IImUD9,471 Double IPA - Hull Melon,9.2,,N,N,,,verified,31
fa0oqf,IImUD9,471 ESB - Extra Special Bitter,7.8,55,N,Y,,,verified,5
HZMvCT,IImUD9,471 IPA Barrel Series: Citra,11.3,70,N,N,,,verified,31
GysKeq,IImUD9,471 IPA Barrel Series: Eureka!,11.2,70,N,N,,,verified,31
tw2Iw0,IImUD9,471 IPA. Aggressive Hoppiness,9.2,70,N,Y,,,verified,31
GYF0P4,IImUD9,471 Pilsner,,,N,N,,,verified,98
j9cp5e,IImUD9,471 Small Batch IPA,9.2,70,N,N,,,verified,30
5MX880,4F7QA9,5 C's IPA,6.5,,N,N,,,verified,30
uA3MVL,p1tFbP,7 Birds,5,13,Y,N,,,verified,98
Fhw2NF,p1tFbP,7 Cities Pilsner,5,32,Y,N,,,verified,98
MqTIG4,IImUD9,72 Imperial,7.2,11,N,N,,,verified,44
wDgaK8,VEY3Xa,A Beer Named Sue,5.7,23,N,N,,,verified,72
Au0v9G,nLsoQ9,A Little Sumpin' Extra,8.7,,N,N,,,verified,31
svXHfu,nLsoQ9,A Little Sumpin' Sumpin',7.5,64.2,N,N,cold,,verified,25
hbF6tu,nHLlnK,ABLE Best Britter,4.3,,N,N,,,verified,4
MTLa3r,VEY3Xa,Afternooner,4.6,,N,N,,,verified,62
6AcqY6,IImUD9,Agave Wheat,5.9,19,N,N,,,verified,112
RK9Po6,nHLlnK,Ale 20,5.7,,N,N,,,verified,25
yn4ODI,VEY3Xa,Ale Communication,7.8,,N,N,,,verified,33
2cLm8B,q6vJUK,All Colorado Apricot Wheat,5.5,,N,N,,,verified,114
DbeLZF,q6vJUK,All Colorado Wet Hop Pale Ale,5.8,,N,N,,,verified,25
aG4Ie2,yX6twV,Alpha Dog Imperial IPA,8.5,127,N,N,,,verified,31
hYaduh,nHLlnK,Alt Route - Beer Camp Across America,6.6,50,N,N,,,verified,55
5TQX99,q6vJUK,ALTitude,,,N,N,,,verified,55
qIa0fL,p3YrOa,Amber Beer,,,N,N,,,verified,32
Zd8Cxd,q6vJUK,American Summer Hoppy Wit,6,55,N,N,,,verified,65
Ota9wv,q6vJUK,Añejo Tequila Barrel Aged Gubna,11,,N,N,,,verified,33
b6nCMj,VEY3Xa,Anniversary Ale,3.8,,N,N,,,verified,25
fBZZUJ,nHLlnK,Anniversary Ale,5.9,,N,N,,,verified,30
iEMsk8,nHLlnK,Anniversary Ale 2007,5.9,,N,N,,,verified,30
ItEVNY,nHLlnK,Anniversary Ale 2009,5.9,,N,N,,,verified,30
HIuMUM,HaPdSL,Antwerpen Stout,8,,N,N,,,verified,20
IyyejS,yX6twV,Anubis Imperial Coffee Porter,8,33.6,N,N,,,verified,18
JCo28y,DMU2Kf,Asian Gold Blonde,4.4,,N,N,,,verified,36
uHEs7N,nHLlnK,Audition - Altbier,6.6,,N,N,,,verified,55
fdnFoV,nHLlnK,Audition - Belgian-Style Blonde,6.3,,N,N,,,verified,61
8ugUQF,nHLlnK,Audition - Belgian-Style Pale Ale,5.3,,N,N,,,verified,62
zrqusY,nHLlnK,Audition - Dark Ale,8.5,,N,N,,,verified,28
BJFSW8,nHLlnK,Audition - Double IPA,8.5,,N,N,,,verified,31
cBZj1z,nHLlnK,Audition - English-Style Bitter,5.6,,N,N,,,verified,3
NY86j7,nHLlnK,Audition - Imperial Pilsner,8,,N,N,,,verified,98
lEPIZg,nHLlnK,Audition - Pale Ale,6.5,,N,N,,,verified,25
WaxgGo,nHLlnK,Audition - Pilsner,5.2,,N,N,,,verified,98
HxW3xw,nHLlnK,Audition - Rye Bock,7.2,,N,N,,,verified,117
eOVHdT,nHLlnK,Audition - Scotch Ale,7.3,,N,N,,,verified,15
L0eAAB,nLsoQ9,Aunt Sally,5.7,,N,N,,,verified,40
1unO6C,IImUD9,Autumn Ale,6,21,N,N,,,verified,81
nvfMg1,IImUD9,Avalanche Ale,4.4,19,N,N,,,verified,32
kLnpDN,nHLlnK,Bad Luck Blonde,6.5,,N,N,,,verified,36
PPM1hu,TMc6H2,Balls Deep,,,N,N,,,verified,125
J2UGn1,AqEUBQ,Baltic Anomaly,8.5,20,N,N,,"Brie, smoked poultry, chili, & sausage.",verified,104
Beiqbm,nHLlnK,Baltic Joy,7.4,,N,N,,,verified,104
YXPOTZ,VEY3Xa,Bamberg Helles,5.2,30,N,N,,,verified,86
kbyHKb,p1tFbP,Banana Stand,,,Y,N,,,verified,52
bdFoir,BznahA,Bare Knuckle Stout,,,N,N,,,verified,42
wRkDGh,IImUD9,Barrel Aged 471 IPA. Aggressive Hoppiness,9.2,70,N,N,,,verified,31
fGeFvg,AqEUBQ,Barrel Aged BOTL Cap,8.9,,N,N,,,verified,89
dS3WFU,q6vJUK,Barrel Aged Chaka (Merlot),8,,N,N,,,verified,61
18Ki63,q6vJUK,Barrel Aged Dale's Pale Ale (Makers Mark),6.5,,N,N,,,verified,25
8SiLJi,IImUD9,Barrel Aged Imperial Cherry Stout,9.5,,N,N,,,verified,43
LMONA6,q6vJUK,Barrel Aged Mama's Mama's Little Yella Pils (Tequila),5.3,35,N,N,,,verified,98
hO6U5X,nHLlnK,Barrel Aged Narwhal,12.9,,N,N,,,verified,43
zLqnaW,AqEUBQ,Barrel Aged Nuovo Record,13.5,,N,N,,,verified,53
DvxCJ2,IImUD9,Barrel Aged Twenty Five,9.8,,N,N,,,verified,158
HIwvra,nHLlnK,Barrel-Aged Bigfoot (Whiskey Barrels),11.9,,N,N,,,verified,34
AZgmir,nHLlnK,Barrel-Aged Hoptimum  (Trip in the Woods),11.5,,N,N,,,verified,30
xjSOtt,nHLlnK,Barrel-Aged Porter,7.4,,N,N,,,verified,132
Ydp0k0,q6vJUK,Barrel-Aged Ten Fidy,12.9,65,N,N,,,verified,43
PZL75k,p1tFbP,Barrel-Aged Thunder Ann,,,Y,N,,,verified,25
4A41PO,nHLlnK,Barrel-Aged Torpedo Extra IPA,8.5,,N,N,,,verified,30
x7GusT,IImUD9,Batch #2 Barleywine,,,N,N,,,verified,34
JzR6cK,nLsoQ9,Bavarian-Styled Doppel Weizen,9,,N,N,,,verified,53
kvklwS,q6vJUK,Bayside Black IPA,7.1,,N,N,,,verified,30
3JrTod,BznahA,Beach Bum Blonde Ale,5.4,,N,N,,,verified,61
9YCuGj,VEY3Xa,Bearsharktopus,6,,N,N,,,verified,62
ZQkBoF,p1tFbP,Bearwalker Barrel Aged Double Maple,6,,Y,N,,,verified,37
Nl1CJp,p1tFbP,Bearwalker Brown,,,N,N,,,verified,37
c4ODPx,p1tFbP,Bearwalker Maple Brown (Four Roses Barrel-Aged),,,Y,N,,,verified,134
Jyj4KZ,p1tFbP,Bearwalker Maple Nut (Eagle Rare Barrel Aged),,,Y,N,,,verified,65
OJadqc,AqEUBQ,Beer Barrel Bourbon,,,N,N,,,verified,132
2rqlKs,nHLlnK,Beer Camp 013: Old Cantankerous,6.6,,N,N,,,verified,13
7iFx4r,nHLlnK,Beer Camp Across America,8.6,,N,N,,,verified,31
6mTebP,nHLlnK,Beer Camp Golden IPA,6.5,50,N,N,,,verified,30
pTHBWA,nHLlnK,Beer Camp Hoppy Lager,7,55,N,N,,,verified,93
pGqazY,nHLlnK,Beer Camp Tropical IPA,6.7,55,N,N,,"CUISINE  Spicy Szechuan beef, Jerk Chicken, Thai Green tofu curry
CHEESE  Aged Monterey Jack, Asiago
DESSERT  Key Lime Pie, Kiwi Trifle",verified,30
ZK2Swv,nHLlnK,Beer Camp: Atlantic-Style Vintage Ale,8.5,40,N,N,,,verified,1
BdlH6M,nHLlnK,Beer Camp: Campout Porter,7.7,32,N,N,,,verified,18
QHCtPE,nHLlnK,Beer Camp: Dry Hopped Belgian Golden,8,35,N,N,,,verified,36
nxU5Fn,nHLlnK,Beer Camp: Dry-Hopped Barleywine-Style Ale,9.4,90,N,N,,,verified,34
2avhYf,nHLlnK,Beer Camp: Dry-Hopped Berliner-Style Weisse,4.2,10,N,N,,,verified,46
eueVi6,nHLlnK,Beer Camp: Dunkle Weisse,5.7,10,N,N,,,verified,52
z8iAm9,nHLlnK,Beer Camp: East Meets West IPA,7,40,N,N,,,verified,30
bSQyva,nHLlnK,Beer Camp: Ginger Lager,6.2,20,N,N,,,verified,93
q5sbES,nHLlnK,Beer Camp: Raspberry Sundae Ale,8,10,N,N,,,verified,124
lT9g7O,nHLlnK,Beer Camp: Stout of the Union,7,64,N,N,,,verified,42
SPbPNt,nHLlnK,Beer Camp: Thai-Style Iced Tea,7.2,12,N,N,,,verified,124
4jKDXK,nHLlnK,Beer Camp: West Coast DIPA,8.2,65,N,N,,,verified,31
h331gl,nHLlnK,Beer Camp: White IPA with Yuzu,7,20,N,N,,,verified,30
gFe3ro,VEY3Xa,Beer Like A Billy Goat,6.5,25,N,N,,,verified,89
ZJdowf,AqEUBQ,Beerhive,8.47,,N,N,,,verified,59
1cLpJP,q6vJUK,Beerito,4,21,N,N,,,verified,80
BoJHzM,nHLlnK,Belgian Black IPA - Beer Camp #94,7.7,52,N,N,,,verified,62
nAr0mR,VEY3Xa,Belgian Blond,6.7,20,N,N,,,verified,63
DQW0WA,VEY3Xa,Belgian Crush,5.7,,N,N,,,verified,62
hDKDfU,IImUD9,Belgian Style Pale Ale - Mountain Series,,,N,N,,,verified,62
X8qNCS,nHLlnK,Belgian-Style Blonde IPA,7.5,,N,N,,,verified,61
17KZDP,DifSi4,Bella Czech Pils,5.3,35,N,N,,,verified,106
8nUyoD,p1tFbP,Belle Meade Bourbon Sour,,,Y,N,,,verified,136
O3nY32,VEY3Xa,Bernie Weisse,3.2,5,N,N,,,verified,46
QtA7tb,p1tFbP,Betsy's Revenge,4.5,50,Y,N,,,verified,121
pSVIAZ,nHLlnK,BFD - Beer For Drinking,4.8,33,N,N,,"CUISINE  Cured ham and Gruyere Croque Madame, Wood grilled Mahi, Portobello Mushroom and Spring Pea Pasta
CHEESE  Aged Gruyere Cheese
DESSERT  Rhubarb Compote",verified,36
zqS7ze,nHLlnK,Bigfoot,9.6,,N,N,,,verified,34
ETtkIW,nHLlnK,Bigfoot,9.6,,N,N,,,verified,34
eyYenc,nHLlnK,Bigfoot,9.6,,N,N,,,verified,34
ygAzC9,nHLlnK,Bigfoot,9.6,90,N,N,,,verified,34
aztnLa,nHLlnK,Bigfoot,9.6,90,N,N,,,verified,34
DJcbV1,nHLlnK,Bigfoot,9.6,90,N,N,,,verified,34
pdLPeS,nHLlnK,Bigfoot,9.6,90,N,N,,,verified,34
Rx4Dnt,nHLlnK,Bigfoot,9.6,90,N,N,,,verified,34
ysyw2P,nHLlnK,Bigfoot,9.6,90,N,N,,"CUISINE  Bread Pudding, Mission Figs, Medjool Dates
CHEESE  Pungent Blue Cheese",verified,34
4sdq0d,nHLlnK,Bigfoot,9.6,90,N,N,,,verified,34
1UhodH,nHLlnK,Bigfoot,,,N,N,,,verified,34
IphbdN,nHLlnK,Bigfoot,9.6,,N,N,,,verified,34
8PsCAg,nHLlnK,Bigfoot,9.6,,N,N,,,verified,34
ER2JSs,nHLlnK,Bigfoot,9.6,,N,N,,,verified,34
2CRlqm,nHLlnK,Bigfoot,9.6,,N,N,,,verified,34
qUIYuC,nHLlnK,Bigfoot,9.6,90,N,N,,,verified,17
9HcWSd,nHLlnK,Bigfoot,9.6,,N,N,,,verified,34
dapUuF,nHLlnK,Bigfoot (2016),9.6,90,N,N,,,verified,34
AFNvz4,nHLlnK,Bigfoot (2018),9.6,90,N,N,,,verified,34
0T4pOY,nHLlnK,Bigfoot Barrel-Aged,12.2,,N,N,,,verified,34
Rxu5Bd,VEY3Xa,Bing Bing,6.8,52,N,N,,,verified,30
BJymUV,nLsoQ9,Bitter Oats,10.5,,N,N,,,verified,31
gLBFNH,p1tFbP,Bitter Over Ewe,,,Y,N,,,verified,5
tLwMOd,q6vJUK,Black Brew Bae,6.4,50,N,N,,,verified,41
pkEofb,VEY3Xa,Black Cat Porter,5.2,,N,N,,,verified,18
yxUgyc,4F7QA9,Black Cat Stout,5.5,,N,N,,,verified,42
4fKoj3,BznahA,Black Crown,6,,N,N,,,verified,101
yoGDFl,nHLlnK,Black Eye PA,7.5,,N,N,,,verified,41
kZadFf,4F7QA9,Black IPA,6.5,56,Y,N,,,verified,30
fyj05b,nHLlnK,Black IPA,6.9,,N,N,,,verified,30
HSChH3,TMc6H2,Black Lager (Hatchery Series Release #3),5,,N,N,,,verified,103
E6kkPh,AqEUBQ,Black Mad Hatter India Pale Ale,5.56,67,N,N,,"aged cheddars, arugula in vinaigrette, portabello stir-fry",verified,41
ja4TBb,q6vJUK,Black Mamba,6,,N,N,,,verified,53
NgU9h0,DifSi4,Black Shack Porter,5.3,45,N,N,,,verified,19
Du7C2e,AqEUBQ,Black Tulip,8.8,21,N,N,,"Melon, Semi-hard cheese, berries & ginger",verified,59
i0Hy6x,nHLlnK,Black Vapor,6,,N,N,,,verified,84
fekpJv,q6vJUK,Blackstrap Fever,6.1,,N,N,,,verified,18
QFJ250,nHLlnK,Blantons Barrel Aged Scotch Ale,11.3,,N,N,,,verified,15
d16niD,nHLlnK,Blindfold,7.4,70,N,N,,,verified,41
24mTU2,nHLlnK,Blizzicane Bock,7.7,,N,N,,,verified,88
95tyDm,nHLlnK,Blonde Ale,,,N,N,,,verified,36
IlrJbh,nHLlnK,Blood Shot,8.6,,N,N,,,verified,33
wzCyVT,TMc6H2,Blue,4.6,,N,N,,,verified,119
bK4vxh,q6vJUK,Blue Dream,6.4,,N,N,,,verified,30
8b9X23,AqEUBQ,Blue Goat,7.5,,N,N,,,verified,
oYED15,nHLlnK,Blue Ridge Red,6.3,37,N,N,,,verified,22
HQ79n0,AqEUBQ,Blue Sunday,7,18,N,N,,"Wild game, poultry & charcuterie",verified,40
932XO8,DifSi4,Blueberry Ale,4.5,10,N,N,,,verified,119
WTmAem,p1tFbP,Blueberry Porter,,,Y,N,,,verified,119
l7Dmxe,p1tFbP,Blueberry Saison,,,Y,N,,,verified,72
5LwuwE,VEY3Xa,Bob White,5,18,N,N,,,verified,65
qpPzL7,VEY3Xa,Bobolink,6.7,25,N,N,,,verified,72
vmmRA5,p3YrOa,Bohemian Dock Street Pilsner,5,,N,N,,,verified,75
75agIj,q6vJUK,Bolivia Newton John,,,N,N,,,verified,123
HgMkeg,nHLlnK,Bonnaroo Brew,4.8,,N,N,,,verified,72
AEFy0R,nHLlnK,Boomerang,6.7,,N,N,,,verified,30
HmjnXt,nLsoQ9,Born Again Yesterday,7.5,55,N,N,,,verified,26
QdPbTF,nLsoQ9,Born Yesterday,7.5,,N,N,,,verified,25
NU4qr0,nHLlnK,Bosden,6.8,,N,N,,,verified,42
Yjd19k,4F7QA9,Bottle Rocket IPA,6.5,,N,N,,,verified,30
yORSh7,TMc6H2,Bourbon Barrel Aged Imperial Stout,11.2,70,N,N,,,verified,43
giziAd,TMc6H2,Bourbon Barrel Aged Imperial Stout With Coffee,11.2,40,N,N,,,verified,43
5lW8HD,nHLlnK,Bourbon Barrel Aged Maillard's Odyssey,,,N,N,,,verified,28
t28a6A,q6vJUK,Brandy Barrel-Aged Ten Fidy,10.5,65,N,N,,,verified,43
PRRZBx,q6vJUK,Brass & Blues,6.4,,N,N,,,verified,72
hImGQV,nHLlnK,Braupakt,6,21,N,N,,,verified,48
KuiKeS,nHLlnK,Breakfast At Chicos,7.5,32,N,N,,,verified,44
pZEIiV,IImUD9,Breck IPA,6.3,66,N,N,,,verified,30
IkgmFq,IImUD9,Breckenridge Christmas Ale,7.4,22,N,N,,,verified,29
RcyKuX,VEY3Xa,Bretthead,6.1,49,N,N,,,verified,30
bMv56j,IImUD9,Brewery Lane Series: Biére De Garde,9,,N,N,,,verified,71
9slIEB,nHLlnK,Broken Vow,,,N,N,,,verified,158
CRw8Gu,TMc6H2,Brown Eyed Buckeye,8.6,,N,N,,,verified,30
TpiDMC,nLsoQ9,Brown Shugga',9.9,51.1,N,N,cool,,verified,29
d2nhC0,DMU2Kf,Brown's Point ESB,5.6,,N,N,,,verified,5
GwYXdk,nHLlnK,Brux,8.3,,N,N,,,verified,125
P3fflp,p3YrOa,Bubbly Wit,7.1,,N,N,,,verified,61
8MMa77,BznahA,Bud Dry,5,,N,N,,,verified,94
W2dlxg,BznahA,Bud Extra,6.6,,N,N,,,verified,124
qGhR1j,BznahA,Bud Ice,5.5,,N,N,cold,,verified,97
SaQFBA,BznahA,Bud Ice Light,4.1,,N,N,,,verified,97
dimtrs,BznahA,Bud Light,4.2,10,N,N,cold,,verified,94
Abbvjh,BznahA,Bud Light Apple,4.2,,N,N,,,verified,94
Dvucvo,BznahA,Bud Light Blends Lemon,3.5,,N,N,,,verified,119
t9aucT,BznahA,Bud Light Chelada,4.2,,N,N,very_cold,,verified,94
4zruzt,BznahA,Bud Light Golden Wheat,4.1,,N,N,,,verified,61
MzoCPz,BznahA,Bud Light Lime,4.2,,N,N,cold,,verified,94
VwOYAS,BznahA,Bud Light Lime Mang-O-Rita,8,,N,N,cold,,verified,161
WQsARu,BznahA,Bud Light Orange,4.2,,N,N,,,verified,94
hd8yE8,BznahA,Bud Light Platinum,6,,N,N,cold,,verified,94
LXWiDB,BznahA,Bud Light Radler - Grapefuit,2.4,8,N,N,,,verified,119
YCBXba,BznahA,Bud Light Straw-Ber-Rita,8,,N,N,,,verified,161
doijNb,IImUD9,Buddha's Hand - Mountain Series,,,N,N,,,verified,119
1P45iR,BznahA,Budweiser,5,,N,N,cold,,verified,93
ueYGTP,BznahA,Budweiser 1933 Repeal Reserve,6.1,,N,N,,,verified,101
hlynwj,BznahA,Budweiser American Ale,5.1,,N,N,,,verified,32
eW9IJb,BznahA,Budweiser Chelada,5,,N,N,very_cold,,verified,93
mobjLC,BznahA,Budweiser Copper Lager,6.2,,N,N,,,verified,101
bQk5Rn,BznahA,Budweiser Freedom Reserve,5.4,,N,N,,,verified,101
jjIwuS,BznahA,Budweiser Prohibition Brew,0.5,,N,N,,,verified,139
G2Vi1J,BznahA,Budweiser Select,4.3,,N,N,,,verified,94
BbrPm8,nHLlnK,Buffalo Trace Aged Scotch Ale,11.1,,N,N,,,verified,15
jnOm9n,p1tFbP,Buffalo Trace Barrel-Aged Bearwalker,,,Y,N,,,verified,134
dRIuaV,q6vJUK,Bulleit Bourbon Ten Fidy,,,N,N,,,verified,24
5ON8OO,q6vJUK,Bulleit Bourbon Ten Fidy,11,,N,N,,,verified,24
QhHBBX,BznahA,Busch,4.6,,N,N,very_cold,,verified,93
fKinUP,BznahA,Busch Ice,5.9,,N,N,very_cold,,verified,99
30zzKy,BznahA,Busch Light,4.1,,N,N,very_cold,,verified,94
vNwXnT,BznahA,Busch Signature Copper Lager,5.7,,N,N,cold,,verified,93
zYJxUM,AqEUBQ,Cabin Fever,6.5,25,N,N,cold,"Roasted meats, dried fruits, gruyere and smoked cheese.",verified,37
9OyQXs,941OaA,California Black Beer,4.9,10,N,N,cold,"BBQ and red meats, cheeses.",verified,103
GTbXLB,TMc6H2,Cambium,5.8,,N,N,,,verified,170
xpBGZB,nHLlnK,CANfusion - Beer Camp Across America,7.2,45,N,N,,,verified,117
qa1QZU,nLsoQ9,Cappuccino Stout,8.9,29.5,N,N,,,verified,20
80tC1T,nHLlnK,Cask-Aid,5.5,,N,N,,,verified,
04k0TG,p1tFbP,Casper The Friendly Gose,5,13,N,N,,,verified,47
KY5gtZ,nHLlnK,Celebration Ale,6.8,65,N,N,,,verified,26
PLnqH7,nHLlnK,Celebration Ale 1992,,,N,N,,,verified,25
v5a7l8,nHLlnK,Celebrator Beer News,9.3,,N,N,,,verified,29
lyc9as,nLsoQ9,Censored (Kronik),6.75,,N,N,,,verified,32
tZkS7X,nLsoQ9,Censored Imperial Stout,9.9,,N,N,,,verified,32
GboTWT,nLsoQ9,Censored Rich Copper Ale,6.75,,N,N,,,verified,32
zd3xxc,BznahA,Centennial Hop Mountain Marzen (Batch No. 80524),5.9,,N,N,,,verified,102
1C793t,q6vJUK,Centennial Saison,6,,N,N,,,verified,72
1t3vFB,p1tFbP,Chai Porter,5.6,24,Y,N,,,verified,18
guH320,q6vJUK,Chaka,8,,N,N,,,verified,62
Ontrer,q6vJUK,Chardonnay Barrel G'Knight,8.7,,N,N,,,verified,33
ct0Hxz,AqEUBQ,Charkoota Rye,9.35,,N,N,,,verified,90
lUt8yP,AqEUBQ,Charkoota Rye,8.4,,N,N,,Charciterie & all things prok!,verified,90
qqOqX9,BznahA,Chernigivske White,5,,N,N,,,verified,112
LkfL1Y,nHLlnK,Cherry Chocolate Stout,8.5,,N,N,,,verified,31
WHKIRY,nLsoQ9,Cherry Hotside Sour,4.8,,N,N,,,verified,170
zhzeah,nLsoQ9,Cherry Jane,5.5,9,N,N,,,verified,40
wIRsU0,p1tFbP,Cherry Vanilla Stout,5.5,28,Y,N,,,verified,42
3wh93y,VEY3Xa,Chewbocka,6.2,20,N,N,,,verified,88
Z10a03,nHLlnK,Chico King - Beer Camp Across America,6.5,45,N,N,,,verified,25
dnUKxu,nHLlnK,Chocolate Chili Stout - High Altitude Series,8.8,,N,N,,,verified,43
T1YdsG,p1tFbP,Chocolate Pretzel Stout,5.2,,Y,N,,,verified,122
x71Neo,p1tFbP,Chocolate Stout (Cask Conditioned) Aka Double Chocolate Snowman Stout,,,Y,N,,,verified,42
EBgR2m,VEY3Xa,Choice Make Good,8.3,95,N,N,,,verified,31
zpvlri,q6vJUK,Christmas Chub,8,,N,N,,,verified,124
oEiXJV,nHLlnK,Christmas Jam,4.2,,N,N,,,verified,108
Hh3VFp,p3YrOa,Cinnister Stout,5,,N,N,,,verified,42
iTZlLw,p1tFbP,Citra IPL,5.2,,Y,N,,,verified,30
yQqOSf,p1tFbP,Citra Pale Ale,,,Y,N,,,verified,25
tMseDR,4F7QA9,Citrus And Vanilla Berlinerweisse,4.7,,N,N,,,verified,46
8pAabO,nLsoQ9,CitruSinensis,7.9,,Y,N,,,verified,25
3dsDxX,nHLlnK,Clean Sweep,3.5,,N,N,,,verified,36
CtLLsH,p3YrOa,Coco Nuts,5,,N,N,,,verified,72
mXym9s,nHLlnK,Coffee Stout,6.2,,N,N,,,verified,44
gfFqa1,yX6twV,Cold Nose Winter Ale,,,N,Y,,,verified,13
qhppip,p1tFbP,Collabinator Wit,,,Y,N,,,verified,65
h2d5zt,VEY3Xa,Conehead,5.7,49,N,N,,,verified,30
a1DUfG,TMc6H2,Cool Breeze,4.9,,N,N,,,verified,72
sghlNk,q6vJUK,Cornlaboration,5.8,,N,N,,,verified,93
uycrg9,p1tFbP,Corsair Buckwheat Porter,,,Y,N,,,verified,158
ViVJh6,VEY3Xa,CÔTE DE CHAMPLAIN,6.1,33,N,N,,,verified,125
ehb1eB,DifSi4,Country Pale Ale,5.1,17,N,N,,,verified,25
bqKaTO,BznahA,Cran-Ber-Rita,8,,N,N,,,verified,161
C7bzqV,p3YrOa,Cranberry Kolsch,5,,N,N,,,verified,45
bHmQdD,TMc6H2,Crank Tank,5.8,25,N,N,,,verified,112
FDpmPR,TMc6H2,Crank Tank Rye'd Ale,6.2,,N,N,,,verified,115
BkSzxg,p1tFbP,Cream Ale,5.9,18,Y,N,,,verified,20
xwLUUb,yX6twV,Cream Ale,5,12,N,N,,,verified,109
537zpn,AqEUBQ,Credits & Debits,5,,N,N,,,verified,25
fDmp62,q6vJUK,Crye Me A River,5.6,,N,N,,,verified,117
S1oEH9,yX6twV,CSB ESB,,,N,Y,,,verified,5
AvtUms,p1tFbP,Cubcrawler,,,Y,N,,,verified,14
3PGxCQ,uM2jeT,Cuvée Jeune Homme,6.5,,N,N,,,verified,170
nF8WBb,uM2jeT,Cuvée Mam'zelle,8.5,,N,N,,,verified,57
rDnNdd,uM2jeT,Cuvée Soeur’ise,8.5,,N,N,,,verified,59
nFcIwJ,p1tFbP,D07,,,Y,N,,,verified,112
iT9pf4,q6vJUK,Dale's Pale Ale,6.5,65,N,N,,,verified,25
2ADEYR,q6vJUK,Dale's Pale Ale Nitro,6.5,65,N,N,,,verified,25
JDzrBR,q6vJUK,Dales Dry Hop Equinox,6.5,,N,N,,,verified,25
vXifKs,q6vJUK,Dales T45 Dry Hop,6.5,,N,N,,,verified,25
XrRTUJ,q6vJUK,Dales T90 Dry Hop,6.5,,N,N,,,verified,25
6gFiUn,TMc6H2,Dank Tank Border Hopper,8.6,,N,N,,,verified,31
LR5oG8,TMc6H2,Dank Tank BSP Quad,11,,N,Y,,,verified,60
69tWZj,TMc6H2,Dank Tank Ghoulash,8.5,167,N,N,,,verified,31
BlcFcv,TMc6H2,Dank Tank Magnum IP,9,100,N,Y,,,verified,76
ARoWVg,TMc6H2,Dank Tank Old Man Johnson's Farm,9.6,60,N,N,,,verified,43
ov7fgF,TMc6H2,Dank Tank Pulled Porter,7.7,,N,N,,,verified,18
DEojxv,TMc6H2,Dank Tank Red Hot Mama,8.6,,N,N,,,verified,33
9nXV0D,TMc6H2,Dank Tank The Price is Wrong,9,,N,N,,,verified,64
zc3p4y,TMc6H2,Dank Tank: Smokey and the Brett,7.3,55,N,N,,,verified,30
x3ijRg,TMc6H2,Dank Tank: Some Strange II Black IPA,10,,N,N,,,verified,41
sqELhU,p1tFbP,Dark Knight,,,Y,N,,,verified,18
0HZF08,nLsoQ9,Dark Swan,8.7,,N,N,,,verified,40
XVWs1B,nHLlnK,Dark Wheat,,,N,N,,,verified,97
6f6SpY,p1tFbP,Das Bij,5.6,26,Y,N,,,verified,72
24UMt9,nLsoQ9,Davey Murray's Best Scotch Ale,9.5,52,N,N,,,verified,15
qgR2pv,nLsoQ9,DayTime Ale,4.65,54.2,N,N,,,verified,164
bwmm73,BznahA,Daytona Dark Wheat Lager (Batch No. 32218),5,,N,N,,,verified,103
MDLWPq,yX6twV,De Achste Hond Peach Sour,7,27,N,N,cellar,,verified,40
HXVdFT,q6vJUK,Death By Coconut,6.5,25,N,N,,,verified,18
TQaDOh,q6vJUK,Death By Coconut (Rum Barrel Aged),11.5,45,N,N,,,verified,158
ZvzhRI,p1tFbP,Deer Antler,,,Y,N,,,verified,117
7Tfy0M,p1tFbP,Demon Brewn,,,Y,N,,,verified,62
ABAHdk,q6vJUK,Deuce,7,,N,N,,,verified,37
4nRKTH,nHLlnK,DevESTATEtion,6.7,67,N,N,,"Salad with Citrus based dressing, Smokey Barbeque, Tamales, Cilantro-focused Salsa, Smoked Gouda, Spice cake, Sweet carrot cake",verified,41
7dkC8e,q6vJUK,Deviant Dale’s,8,85,N,N,,,verified,30
RDEj6L,yX6twV,Devil Dog Imperial IPA,10.8,99,N,N,,,verified,31
3XBmmp,p3YrOa,Devils Double,8,,N,N,,,verified,31
kK34fk,4F7QA9,Diggler Double IPA,8,85,N,N,,,verified,31
cOSoch,p1tFbP,Dire Wolf,6.2,79,N,N,,,verified,30
bHDV83,4F7QA9,Dirty Blonde Ale,4.5,,N,N,,,verified,36
XWveu5,p3YrOa,Dock Street Walker,,,N,N,,,verified,44
NE2Dpl,yX6twV,Dogs of Helles,4,9,N,N,,,verified,89
aabOus,yX6twV,DogZilla Black IPA,6.9,68.4,N,N,,,verified,30
gEUoCZ,nLsoQ9,Doppel Sticky,7.7,66,N,N,cool,,verified,55
CMvItN,nLsoQ9,Doppel Weizen,8.5,,N,N,,,verified,48
hn9LIa,q6vJUK,Doppelbock,,,N,N,,,verified,90
0I5b84,nHLlnK,Double DeBOCKel,9.4,,N,N,,,verified,90
LVSSPk,nHLlnK,Double Latte - Beer Camp Across America,7.6,60,N,Y,,,verified,20
WHQisc,AqEUBQ,Dragon's Milk,11,31,N,N,cool,"Red meat, smoked foods, balsamic, rich cheese & dark chocolate.",verified,43
ZDbYzs,AqEUBQ,Dragon's Milk Reserve Coconut Rum,11,30,N,N,,"chocolate, curry, fresh pineapple",verified,43
uhfEWi,AqEUBQ,Dragon's Milk Reserve Mexican Spice Cake,11,,N,N,,,verified,43
Vuhegf,AqEUBQ,Dragon's Milk Reserve Triple-Mashed,11,,N,N,,,verified,43
RXEBYd,AqEUBQ,Dragon's Milk Reserve Vanilla Chai,11,30,N,N,,"white chocolate, berries, pastry",verified,43
HHG2Nn,AqEUBQ,Dragon's Milk Reserve with Coffee And Chocolate,11,,N,N,,,verified,43
ndgIxK,AqEUBQ,Dragon's Milk Reserve with S'mores,11,31,N,N,,,verified,43
2wvRmF,AqEUBQ,Dragon's Milk Reserve with Toasted Chilies,11,,N,N,,,verified,43
BnYgKN,AqEUBQ,Dragon's Milk Reserve with Vanilla Chai,11,,N,N,,,verified,43
IpcSsv,AqEUBQ,Dragon's Milk Reserve: Brewer's Select,12,,N,N,,,verified,43
ZJJ8yY,AqEUBQ,Dragon's Milk Reserve: Cherry Chocolate,11,31,N,N,,,verified,43
8lo5KQ,AqEUBQ,Dragon's Milk Reserve: Mexican Spice Cake,11,70,N,N,,,verified,43
DwfEan,AqEUBQ,Dragon's Milk Reserve: Raspberry Lemon,11,,N,N,,,verified,134
fMn3Hq,AqEUBQ,Dragon's Milk Reserve: Salted Caramel,11,,N,N,,,verified,43
Y6iD9x,AqEUBQ,Dragon’s Milk Reserve with Raspberries,11,31,N,N,,,verified,134
3tlrAU,AqEUBQ,Dragon’s Milk Reserve: Banana Coconut,11,31,N,N,,,verified,43
UTh8Gm,AqEUBQ,Dragon’s Milk Reserve: Mocha Mint,11,,N,N,,,verified,43
4GgbWG,nHLlnK,Draught-Style Pale Ale,5,36,N,N,,,verified,25
1LvpyW,DMU2Kf,Drink This IPA,6.1,,N,N,,,verified,30
4iQV5k,BznahA,Dry Hopped Coastal Pilsner (Batch No. 23185),6,,N,N,,,verified,98
hqQhp6,IImUD9,Dry Irish Stout,4.8,38,N,N,,,verified,42
dFaMLe,nLsoQ9,Dry-Hopped Censored Ale,6.7,,N,N,,,verified,125
utrZWH,VEY3Xa,Dubbel,7.4,22,N,N,,,verified,58
RsTK7E,941OaA,Dude of York,4.5,10,N,N,cool,,verified,3
vzcxNZ,nHLlnK,Dunkelweizen,5.5,,N,N,,,verified,52
hKT9uI,nHLlnK,Dunkelweizen Bock,7.2,,N,N,,,verified,53
nvaDvZ,nHLlnK,Eagle Rare Barrel Aged Scotch Ale,11.3,,N,N,,,verified,15
AC98pm,nHLlnK,Earth Day EPA,5.2,,N,N,,,verified,5
jcxBhr,AqEUBQ,el Mole Ocho,8.4,,N,N,,,verified,125
YBxI4X,AqEUBQ,El Mole Ocho,10,16.4,N,N,,"Poultry, red meat, dark chocolate",verified,124
PSRi4b,nHLlnK,Electric Ray,8.5,70,N,N,,,verified,31
jBjeGJ,nHLlnK,Electric Ray - Beer Camp Across America,8.5,70,N,N,,,verified,97
OFYff7,AqEUBQ,Envious,7.5,,N,N,,"charcuterie, roasted poultry, grilled stone fruits.",verified,119
DGhJbX,nLsoQ9,Equinox,8.4,50,Y,N,,,verified,25
ebYlhO,nLsoQ9,Eroica,7.4,10.8,N,N,,,verified,72
MtJRP6,4F7QA9,ESB,5.5,32,Y,N,,,verified,5
TavGRG,nHLlnK,ESB - Early Spring Beer,5.9,,N,N,,,verified,25
LDb6oj,nHLlnK,Estate Ale,6.7,67,Y,N,,"Caprese Salad, Southern Barbeque, Tamales, Cilantro-Focused Salsas",verified,125
kusLBU,AqEUBQ,Existential,11.1,,N,N,,,verified,34
Dn64tp,nHLlnK,Experimental Hop Double IPA,8,65,N,N,,,verified,31
z9eSax,nHLlnK,EXPERIMENTAL HOP PILSNER,5.5,46,N,N,,,verified,98
bTNGkO,nHLlnK,Experimental Hop Session IPA,4.6,41,N,N,,,verified,164
H20aOl,IImUD9,Extra ESB - Small Batch Series,7.8,,N,N,,,verified,5
35wxef,VEY3Xa,Extra Stout,5.3,35,N,N,,,verified,23
YViUzm,AqEUBQ,Extra Time,5.8,,N,N,,,verified,80
xjwBeb,DMU2Kf,Fall Ball Red,8,,N,N,,,verified,33
JW5SJV,nHLlnK,Family Values,8.5,35,N,N,,,verified,37
xXEmDi,nLsoQ9,Fandom Ale Fusion XXXIX,5.5,50,N,N,,,verified,112
QefHZY,AqEUBQ,Farmhouse Hatter,5.07,53,N,N,,"seafood, fennel, mushrooms and pickled veggies",verified,62
xqbL8h,q6vJUK,Fat Slim,5,55,N,N,,,verified,30
KPu2Ot,nHLlnK,Festival Bier,6,,N,N,,,verified,102
RsGMGn,TMc6H2,Festive Ale,8.5,,N,N,,,verified,124
ULacWY,uM2jeT,Fils à Papa IV,6.5,,N,N,,,verified,136
6fJQfz,uM2jeT,Fils À Papa V,8.5,,N,N,,,verified,59
ttJysx,AqEUBQ,Filthy Pumpkin,7.75,,N,N,,,verified,43
9Ylplt,nHLlnK,Fistful of Hops,6.2,,N,N,,,verified,25
ceP1Cs,nHLlnK,Five Hop - Experimental IPA,5.8,60,N,N,,"CUISINE  Greek-style grilled chicken, Blackened Catfish, Citrus salad with shaved parmesan and lemon-lime vinaigrette
CHEESE  Aged Monterey Jack, Dry Parmesan, Cotswold
DESSERT  Lemon sorbet with roasted pistachios",verified,30
ePh6fw,nHLlnK,Flipside Red IPA,6.2,60,N,N,,"Asian spiced dishes, Steak fajitas, Port-Salut or other lightly tangy cheese, Caramel based desserts",verified,32
OxvWPv,nHLlnK,Floral IPA - Beer Camp #53,5.9,,N,N,,,verified,30
1XAbSf,nHLlnK,Foam Pilsner,5.6,,N,N,,,verified,98
iYbsQ5,AqEUBQ,Fohn,4.7,,N,N,,,verified,80
3wspDn,HaPdSL,Foreign Extra Stout (Ghana),7.5,,N,N,,,verified,16
3nrJLN,q6vJUK,Four Hopsmen - Comet Dry Hopped,5.2,,N,N,,,verified,25
g7a7Uo,q6vJUK,Four Hopsmen - HBC 472,5.2,,N,N,,,verified,25
IRIveF,q6vJUK,Four Hopsmen - Hop Head Farms Eperimental Dry Hopped,5.2,,N,N,,,verified,25
ul1jng,q6vJUK,Four Hopsmen - Mandarina Bavaria Dry Hopped,5.2,,N,N,,,verified,25
HqKYLu,p1tFbP,Four Roses Bourbon Bearwalker Sour,,,Y,N,,,verified,40
VyWf1j,p1tFbP,Four Roses Rompo,,,Y,N,,,verified,118
CFiVaj,p1tFbP,Four Roses Sour,,,Y,N,,,verified,40
N5lJcK,AqEUBQ,Four Witches ,7.3,,N,N,,"Gilled or Blackened fish, jambalaya, mushroom sautées.",verified,72
rJ51vR,q6vJUK,Freedom Tickler,6.8,,N,N,,,verified,72
YaI6zp,IImUD9,Fresh Hop - Mountain Series,6.2,57,N,N,,,verified,26
FVFucy,nHLlnK,Fresh Hop Double IPA,8,,N,N,,,verified,31
1FBXjy,nHLlnK,Fresh Hop IPA,6.4,58,N,N,,,verified,30
t0iVWe,q6vJUK,Fresh Hops of Bel-Air,5.5,,N,N,,,verified,32
tDKmD5,TMc6H2,Fresh Sticky Nugs,8,60,N,N,,,verified,31
907FUe,q6vJUK,Fugli,5.8,60,N,N,,,verified,30
PsFAwd,AqEUBQ,Full Circle,4.9,26,N,N,cold,"seafood, corn, veggies and mild white cheeses",verified,45
AI17Hf,q6vJUK,Fumble Brewski,4.5,,N,N,,,verified,101
whlYbK,AqEUBQ,Funk Vessel,,,N,N,,,verified,40
276GV8,VEY3Xa,Funkytown,6,,N,N,,,verified,170
CWqXDN,nLsoQ9,Fusion 16,4.8,54,N,N,,,verified,108
w7z0LS,nLsoQ9,Fusion 17,5.5,,N,Y,,,verified,37
JoGCC1,nLsoQ9,Fusion 18,10,,N,N,,,verified,34
hy7HsS,nLsoQ9,Fusion 20,9,,N,N,,,verified,31
HG1dy6,nLsoQ9,Fusion 21,4.7,40,N,N,,,verified,30
uec7XF,nLsoQ9,Fusion 22,7.8,,N,N,,,verified,125
Cn8hSH,nLsoQ9,Fusion 23,7,,N,N,,,verified,30
LVghwn,nLsoQ9,Fusion 24,5.7,,N,N,,,verified,32
BZGnql,nLsoQ9,Fusion 26,6.65,,N,N,,,verified,26
5iehRZ,nLsoQ9,Fusion 30,7.1,55,N,N,,,verified,61
GXDZpo,nLsoQ9,Fusion 32,7.5,,N,N,,,verified,30
cX0XkP,nLsoQ9,Fusion 34 Michiganja,6.7,,N,N,,,verified,18
UFPFnA,nLsoQ9,Fusion 36: London Confusion,6.5,,N,N,,,verified,2
GNtxMV,nLsoQ9,Fusion 39,5.5,,N,N,,,verified,25
dTCluj,nLsoQ9,Fusion 40,8.5,,N,N,,,verified,31
yZruL5,nLsoQ9,Fusion 48,8.3,,N,N,,,verified,30
vLTky5,nLsoQ9,Fusion 49,6.5,,N,N,,,verified,30
b65A4y,nLsoQ9,Fusion 9,5.5,,N,N,,,verified,31
7BGyan,VEY3Xa,Fuzzworthy,5.9,,N,N,,,verified,30
mUt5nB,q6vJUK,G'Afternoon,6,60,N,N,,,verified,30
69R1Vd,q6vJUK,G'Knight,8.7,85,N,N,,,verified,31
CU2xRZ,q6vJUK,G'Knight (Breckenridge Whiskey Barrel Aged),8.7,,N,N,,,verified,33
esFZwY,q6vJUK,G'Knight Imperial Red IPA,8.7,,N,N,,,verified,138
9cqNKc,TMc6H2,Georgia Brown,5.8,30,N,N,,,verified,37
oLL7QN,nHLlnK,German Style IPA,6.1,45,N,N,,,verified,30
HiunCp,q6vJUK,Gingerbread Old Chub,8,32,N,N,,,verified,8
oBALsi,nHLlnK,Glissade Golden Bock,6.4,42,N,N,,,verified,89
VFG5pL,nLsoQ9,GnarlyWine,10.6,,N,N,,,verified,34
jMQlvu,TMc6H2,Goin' Coastal,6.1,,N,N,,,verified,30
8qafAu,HaPdSL,Golden Ale,4.5,,N,N,,,verified,36
WCPtV5,AqEUBQ,Golden Cap Saison Ale,6.25,,N,N,,,verified,72
ZVmIsO,AqEUBQ,Golden Flash,5.7,,N,N,,,verified,1
llmv40,nHLlnK,Golden IPA,5.9,55,N,N,,"CUISINE - San Diego-style Fish Tacos, Grilled Marinated Tri-Tip Steak, Roasted Root Vegetables
CHEESE - Aged Goat Cheese
DESSERT - Tart Lemon and Candied Grapefruit Pastry",verified,30
trEROu,q6vJUK,Good Game,11,,N,N,,,verified,60
FocTXx,q6vJUK,Goofer Dust,6.1,40,Y,N,,,verified,25
S3xcp2,VEY3Xa,Gr8ful Anniversary Ale,5.2,,N,N,,,verified,119
CwbQiB,VEY3Xa,Grand Royal,8.3,80,N,N,,,verified,31
4o9Ml2,nHLlnK,Grandma's Closet,7.6,,N,N,,,verified,132
17XX3q,BznahA,GRAPE-A-RITA,,,N,N,,,verified,161
U7lF72,TMc6H2,Grass Monkey,5.4,35,N,N,,,verified,112
wJ9ull,nLsoQ9,Gravenstime,4.6,,N,N,,,verified,164
o4farp,AqEUBQ,Gravitation Collaboration,7.8,,Y,N,,,verified,89
Cj5RaA,p3YrOa,Great Pumpkin,5.5,,N,N,,,verified,121
nPSHXY,DifSi4,Green Monsta IPA,7.3,55,N,N,,,verified,30
DUmEEi,VEY3Xa,Green State Lager,4.9,25,N,N,,,verified,98
GVNZZQ,BznahA,Green Valley Wild Hop Lager,5,,Y,N,,,verified,97
7gKo41,4F7QA9,Grizzly Imperial Pale Ale,8.1,85,N,N,,,verified,30
avUZok,TMc6H2,Ground Score,7.1,85,N,N,,,verified,25
56HXGK,nHLlnK,GUARD de BEER,7,,N,N,,,verified,71
coUX1m,q6vJUK,Gubna,10,100,N,N,,,verified,31
pq9MUi,q6vJUK,Gubna Barrel Aged,11,100,N,N,,,verified,31
2YWln7,q6vJUK,Gubna Imperial IPA,10,,N,N,,,verified,31
NamZiK,HaPdSL,Guinness 250th Anniversary Stout,5,,N,N,cool,,verified,42
Yq3v6n,HaPdSL,Guinness Black Lager,4.5,,N,N,cold,,verified,84
qbeSzR,HaPdSL,Guinness Blonde,5,21,N,N,,,verified,93
StkEiv,HaPdSL,Guinness Draught,4.3,50,N,N,cool,,verified,23
gkSM7N,HaPdSL,Guinness Dublin Porter,3.8,,N,N,,,verified,24
K2qBGW,HaPdSL,Guinness Extra Stout,5,,N,N,,,verified,42
J9xszw,HaPdSL,Guinness Foreign Extra,7.5,40,N,N,cold,,verified,24
c9u7Eo,HaPdSL,Guinness Generous Ale,5.6,,N,N,cold,,verified,22
Ia4uJ0,HaPdSL,Guinness Milk Stout,5,,N,N,,,verified,20
8LowIZ,HaPdSL,Guinness Nitro IPA,5.8,40,N,N,cold,,verified,30
JfC6wN,HaPdSL,Guinness Red Harvest Stout,4.1,,N,N,cold,,verified,23
DGCFAD,HaPdSL,Guinness Rye Pale Ale,5,,N,N,,,verified,117
unQfZE,HaPdSL,Guinness Special Export,8,,N,N,,,verified,24
FAIsfG,HaPdSL,Guinness West Indies Porter,6,,N,N,,,verified,18
hf0GB8,p1tFbP,Hairy Highlander,,,Y,N,,,verified,15
4BzAQE,TMc6H2,Happy Ending,9,,N,N,,,verified,43
Hb6O3U,TMc6H2,Happy Ending,9,,N,N,,,verified,43
NRRfYP,BznahA,Harbin Lager,5.5,,N,N,cold,,verified,77
CD9BLy,DMU2Kf,Harmon Killerbrew,7.6,,N,N,,,verified,22
ztJYpI,HaPdSL,Harp Lager,5,,N,N,cold,,verified,97
Yzokxa,HaPdSL,Harp Premium Imported Lager,4.5,,N,N,cold,,verified,97
eIZS7k,nHLlnK,Harvest Ale,6.5,,N,Y,,,verified,25
GGaceU,nHLlnK,Harvest Ale 2007,6.7,,N,N,,,verified,25
YEIMmF,nHLlnK,Harvest Brewers Select IPA,6.6,,N,N,,,verified,30
x8U1bY,nHLlnK,Harvest Fresh Hop IPA - Southern Hemisphere Harvest,6.7,67,N,N,,"Grilled Light Fish, Lemon Vinaigrette, Ceviche, Roasted Herbed Chicken",verified,26
CU1fkx,nHLlnK,Harvest Newly Developed Hop IPA (2015),6.5,55,N,N,,,verified,30
peyS4P,nHLlnK,Harvest Single Hop IPA - Equinox Hops,6.5,55,N,N,,"Greek-style grilled chicken, Blackened Catfish, Citrus salad with shaved parmesan and lemon-lime vinaigrette. Aged Monterey Jack, Dry Parmesan, Cotswold. Lemon sorbet with roasted pistachios",verified,30
0oHOZv,nHLlnK,Harvest Single Hop IPA - Idaho 7 Varietal,6.5,55,N,N,,"Grilled Steak Tacos, lamb chops with berry glaze, arugula salad with fresh goat cheese, aged cheddar, triple cream, dry Monterey Jack.",verified,30
zGsXaD,nHLlnK,Harvest Single Hop Mandarina Hops,6.5,,N,N,,,verified,30
FK6HtH,nHLlnK,Harvest Single Hop Yakima #291,6.5,55,N,N,,,verified,30
ZSCpkz,nHLlnK,Harvest Wet Hop IPA - Northern Hemisphere Harvest,6.7,67,N,N,,"Crab Cakes, Indian Curry, Quesadillas, Fresh Farmers Cheese.",verified,26
Mx9jQm,nHLlnK,Harvest Wild Hop IPA - Neomexicanus Varietal,6.5,55,N,N,,"Grilled Steak Tacos, Lamb chops with berry glaze, Arugula salad with fresh goat cheese, aged cheddar, triple cream, Dry Monterey Jack.",verified,30
0s57EN,TMc6H2,Hash Brown,6.2,60,N,N,,,verified,37
JKdiyv,TMc6H2,Hash Session IPA,4.2,,N,N,,,verified,164
Oawv0J,TMc6H2,Hatchery series #4 Chocolate Milk Stout,5.4,,N,N,,,verified,20
JzAHi3,TMc6H2,Hatchery Series #5 - NE Style IPA,7.5,,N,N,,,verified,30
ygnsjS,TMc6H2,Hatchery Series 1 - Mosaic Hop IPA,6.4,,N,N,,,verified,30
MZicx4,TMc6H2,Hatchery Series 2 Mexican Style Lager,4.8,,N,N,,,verified,128
LnzGvI,TMc6H2,Hatchery Series Release #6: Golden Summer Ale,4.8,35,N,N,,,verified,36
b601KW,nHLlnK,Hazy Little Thing,6.7,40,N,N,,,verified,30
tuyIzW,nLsoQ9,Hazy Memory,7.7,,N,N,,,verified,172
QFOApS,IImUD9,Hefe Proper Ale,4,9,N,Y,,,verified,48
5LHS1h,p1tFbP,Hefeweizen,4.2,12,Y,N,,,verified,48
zD2FYX,4F7QA9,Hefeweizen,4,28,Y,N,,,verified,48
DsrVwL,p1tFbP,Hibiscus Strawberry Gose,4,,Y,N,,,verified,47
FW35fB,hGFVYy,High Life Light,4.5,,N,N,very_cold,,verified,94
4U8cc8,nHLlnK,High Sierra FestivAle,5.2,,N,N,,,verified,36
IDxKzR,nLsoQ9,High West-ified Imperial Coffee Stout,12.2,,N,N,,,verified,43
5ntmM9,IImUD9,Holidale,7.4,,N,N,,,verified,132
GnPJde,IImUD9,Holidale (2016),10.3,,N,N,,,verified,132
t787n5,IImUD9,Holidale (2017),8.8,22,N,N,,,verified,132
YUaX19,nLsoQ9,Holiday Ale (2011),7.6,63.21,N,N,,,verified,125
C0Ax0o,nHLlnK,Holiday Haze,6.5,40,N,N,,,verified,30
9UUKMj,nLsoQ9,Holiday Leftovers Ale,7.6,63.21,N,N,,,verified,125
blZIJW,q6vJUK,Home Skillet,5.6,,N,N,,,verified,41
afK7hW,DMU2Kf,Honey Blonde,5.2,,N,N,,,verified,36
2VR5QQ,nHLlnK,Hop And Sour,4.4,,N,N,,,verified,40
MUXP6K,nHLlnK,Hop Bam,5.8,,N,N,,,verified,
YSLzio,nHLlnK,Hop Bullet IPA,8,50,N,N,,,verified,31
fqgLPD,yX6twV,Hop Dog Fresh Hop Pale,5.6,34.4,N,N,,,verified,26
JOxnlJ,yX6twV,Hop Dog Harvest Pale Ale,6.2,,N,N,,,verified,25
kVKPX7,nHLlnK,Hop Harmony,6.7,,N,N,,,verified,30
7HHwqy,TMc6H2,Hop Hash,7.8,100,N,N,,,verified,31
AAdvVo,HaPdSL,Hop House Lager,5,,N,N,,,verified,97
Xmetdp,nHLlnK,Hop Hunter IPA,6.2,60,N,N,,"Hamburger with Blue Cheese and Roasted Red Pepper, Wood-grilled salmon, Barbecue Beef Brisket.",verified,26
kQiE9q,IImUD9,Hop Peak,6.5,,N,N,,,verified,30
4QXro7,nHLlnK,Hop Secret 644,7,,N,N,,,verified,
qXs21b,nHLlnK,Hop Smack Double,8.1,,N,N,,,verified,125
Pni8Jo,nLsoQ9,Hop Stoopid,8,102,N,N,,,verified,31
4NgQyT,VEY3Xa,Hop-Scotch,6.2,,N,N,,,verified,150
Rj8PxJ,VEY3Xa,Hopfenweisse,5.7,,N,N,,,verified,112
bn1wGG,AqEUBQ,Hopivore,5.84,55.5,N,N,,,verified,26
3neLUw,IImUD9,Hoppy Amber Ale - Mountain Series,6.4,,N,N,,,verified,32
xcGtHr,p1tFbP,Hoppy Anniversary IPA,5.9,,Y,N,,,verified,30
x8Bv0f,q6vJUK,Hoppy Floppy,7.5,,N,N,,,verified,30
EO71ZO,p1tFbP,Hoppy Saison,5,40,Y,N,,,verified,72
jbvl8b,q6vJUK,Hoppy Saison Mancrush,,,N,N,,,verified,72
qpyuqH,q6vJUK,Hoppy Seconds,8.4,,N,N,,,verified,27
XFwk42,nHLlnK,Hoppy Wheat IPA,6.2,52,N,N,,,verified,30
sAQpBR,nHLlnK,Hoptimum,9.6,68,N,N,,,verified,31
KQDQgO,nHLlnK,Hoptimum,10.4,100,N,N,,,verified,31
nOFAoT,nHLlnK,Hoptinite,8,,N,N,,,verified,30
Z1g2ua,AqEUBQ,Hoptronix,9,70,N,N,,,verified,31
ZRujA6,q6vJUK,Hotbox Coffee IPA,7.2,70,N,N,,,verified,30
fOFhEa,q6vJUK,Hotbox Coffee Porter,6.5,,N,N,,,verified,18
bp7TkJ,nLsoQ9,HotSide Sour Mashed DayTime,4.65,,N,N,,,verified,170
IAP9Ye,yX6twV,Huckleberry Cream Ale,5.5,11.7,N,N,,,verified,109
BceaoL,TMc6H2,Hummer,5.1,,N,N,,,verified,61
Da2apu,BznahA,Hurricane,5.9,,N,N,,,verified,100
ptlOzL,BznahA,Hurricane High Gravity,8,,N,N,,,verified,100
Oobtwc,q6vJUK,IceyPA,7,,N,N,,,verified,30
qQTYZ8,AqEUBQ,Ichabod Pumpkin Ale,5.2,26,N,N,cold,"roasted poultry, root vegetables, peanut sauce and caraway",verified,121
Wemgbs,DifSi4,Imperial Black IPA,7.3,70,N,N,,,verified,41
CtqQJb,AqEUBQ,Imperial Hatter,9.4,76,N,N,,"spicy heat, citrus and aged blue cheese",verified,31
kSrchj,4F7QA9,Imperial India Brown Ale,9.2,,N,N,,,verified,37
AVcFA8,yX6twV,Imperial Pecan Porter,9,,N,N,,,verified,158
AdHXWs,nLsoQ9,Imperial Pils,8.6,57,N,N,cold,,verified,98
dbN8in,nHLlnK,Imperial Pilsner - Beer Camp #43,5.6,,N,N,,,verified,98
EpkUho,IImUD9,Imperial Plum IPA,9,57,N,N,,,verified,31
uL3sSR,DifSi4,Imperial Pumpkin,8,32,N,N,,,verified,121
8zibUO,DMU2Kf,Imperial Red Ale,7.6,,N,N,,,verified,22
htbWwF,nLsoQ9,Imperial Red Ale,7.8,84,N,N,,,verified,32
meCiGU,nHLlnK,Imperial Red Ale - Beer Camp #65,8.1,,N,N,,,verified,33
INJWpy,nLsoQ9,Imperial Stout,9.9,72.45,N,N,,,verified,42
oC1Ux4,nLsoQ9,Imperial Stout (Fudge And Sickle),9.9,15,N,N,,,verified,43
xdvDOQ,IImUD9,Imperial White IPA - Brewery Lane Series,9,67,N,N,,,verified,31
wXVeJD,AqEUBQ,Incorrigible,4.5,3,N,N,,,verified,40
uzbisB,AqEUBQ,Incorrigible Reserve,4.5,5,N,N,,"Bright veggies, cured meats, baked desserts and Indian Summer.",verified,136
qpfWYm,nHLlnK,India Farmhouse Ale,7.4,,N,N,,,verified,72
gVynTw,nHLlnK,India Pale Ale,6.8,,N,N,,,verified,25
3WxXFm,yX6twV,India Pale Ale IPA,6.4,66.5,N,N,,,verified,30
yEe3T6,q6vJUK,Interstate SMASH Express - Calypso,7.1,,N,N,,,verified,30
mFO6aU,AqEUBQ,Into the Woods,,,N,N,,,verified,37
si7pxG,DifSi4,IPA,5.6,50,N,N,,,verified,30
DiM4QZ,TMc6H2,IPA with Rosemary,,,N,N,,,verified,30
Yuzbjs,HaPdSL,Irish Wheat,5.3,,N,N,,,verified,112
mrLL4r,BznahA,Jack's Pumpkin Spice Ale,5.5,,N,N,,,verified,124
EiBcm8,p1tFbP,Jack-Ale-Lantern,,,N,N,,,verified,121
V9x9qv,p1tFbP,Jackalope Coffee Stout,,,Y,N,,,verified,42
MFgb7Y,q6vJUK,Javanilla Ten FIDY,10.5,,N,N,,,verified,43
LIY58Q,p1tFbP,Jazz Honkey Donkey-Weizen,,,Y,N,,,verified,52
jNqqVQ,q6vJUK,Jenny Scream Ale,5.3,15,N,N,,,verified,109
J0OjIy,BznahA,Johnny Appleseed,5.5,,N,N,,,verified,149
KcLuc7,p3YrOa,Johnny Berliner,4,,N,N,,,verified,46
gm9FbA,TMc6H2,Johnny Hash - Dank Tank,8.5,,N,N,,,verified,31
ghPF7u,VEY3Xa,Juhlia,7.2,,N,N,,,verified,
NaTBQp,q6vJUK,Juicy Dust,6.2,,N,N,,,verified,30
FfmdpM,q6vJUK,Juicy Wolf,4.8,,N,N,,,verified,164
e4in1c,HaPdSL,Kaliber,0.5,,N,N,cold,,verified,139
xw3Nti,nHLlnK,Karaoke Fail,6.7,37,N,N,,,verified,25
dNnIWw,4F7QA9,Kate The Great Russian Imperial Stout,9.5,,N,N,,,verified,43
Lo0Ybu,VEY3Xa,Keller,4.9,25,N,N,,,verified,56
JVv3qI,nHLlnK,Kellerweis,4.8,15,N,N,,,verified,48
P9Ly3t,HaPdSL,Kilkenny Irish Cream Ale,4.3,29,N,N,,,verified,109
OIKxkJ,nLsoQ9,Kill Ugly Radio,7.8,,N,N,,,verified,30
SDUD8m,BznahA,King Cobra,6,,N,N,,,verified,100
XRsG9K,IImUD9,Kings Dish,6.8,55,N,N,,,verified,138
FNByFy,nHLlnK,Knightro,4.6,,N,N,,,verified,23
vuZYco,nHLlnK,Kolsch,5,34,N,N,,,verified,45
wkaQ3k,IImUD9,Kolsch Style Ale - Mountain Series,,,N,N,,,verified,45
7x2tzn,nHLlnK,Kölsch TEST DUMMIES,6.4,,N,N,,,verified,119
dWISHQ,nLsoQ9,Lagunator,7.9,42.2,N,N,,,verified,93
iLlMCb,nLsoQ9,Lagunitas IPA,6.2,45.6,N,N,very_cold,,verified,30
DwGaaX,nLsoQ9,Lagunitas Undercover Investigation Shut-Down Ale,9.6,66.6,N,N,,,verified,25
QuJNYq,DifSi4,Larry,7.5,,N,N,,,verified,31
jZMQtq,DifSi4,Larry Imperial IPA,8.5,85,N,N,,,verified,30
lj8S4n,DifSi4,Larry Triple Douple,8.5,85,N,N,,,verified,62
QNucGY,p1tFbP,Left Behind,,,Y,N,,,verified,25
41SRDq,p1tFbP,Leghorn IPA Barrel Aged - Dickel,,,Y,N,,,verified,133
Oklbuw,p1tFbP,Leghorn Rye IPA,6,65,Y,N,,,verified,30
3Csw32,p1tFbP,Liberty Blonde,4.9,32,Y,N,,,verified,36
xoUVy2,nHLlnK,Life and Limb,10.2,,N,N,,,verified,
vrGuPg,4F7QA9,Liger Lager,6.9,,N,N,,,verified,97
2NsDUk,DifSi4,Light IPA,4,37,N,N,,,verified,30
36DmYw,BznahA,Lime-a-Rita,8,,N,N,,,verified,161
a29mU4,VEY3Xa,Little Birdy,6.9,,N,N,,,verified,30
2mfXU8,AqEUBQ,Little Bohemia,5.3,,N,N,,,verified,138
jshi8D,nLsoQ9,Little Sumpin’ Wild,8.74,72.51,N,N,cool,,verified,25
XDaNfi,VEY3Xa,Little Wolf,4.7,40,N,N,,,verified,25
DqTrrP,4F7QA9,Lolo IPA,6.4,60,Y,N,,,verified,30
J183HL,VEY3Xa,London Calling,3.2,,N,N,,,verified,10
DmCMSF,AqEUBQ,London Calling English Porter Cask,5.3,,N,N,,,verified,158
epip51,nHLlnK,Long Steam IPA,5.8,,N,N,,,verified,30
zDUkcd,AqEUBQ,Lost Dune,5.5,30,N,N,,"Salmon, Pork, Basil, Mint, Fruit crisps.",verified,119
r1uQvZ,p1tFbP,Lovebird Wheat,4.4,,N,N,,,verified,48
DNAmvo,TMc6H2,LowRYEder IPA,6.2,45,N,N,,,verified,117
CWwxeR,nLsoQ9,Lucky 13,8.3,76.92,N,N,,,verified,32
eEWCFd,IImUD9,Lucky U IPA,6.2,68,N,N,,,verified,30
SItgWZ,q6vJUK,Lupu Lava Tropical IPA,6.8,,N,N,,,verified,30
R5Y92z,uM2jeT,Ma Mère Spéciale,6,,N,N,,,verified,70
C94dnF,nHLlnK,Mach 25 Intergalactic Planetary Ale,5,,N,N,,,verified,
c0okIY,AqEUBQ,Mad Catter,7,,N,N,,,verified,31
baONtD,AqEUBQ,Mad Hatter IPA,7,55,N,N,cold,"Aged cheddars, herb-roasted poultry, vinaigrettes and six o’clock.",verified,30
56hSxC,VEY3Xa,Madonna,8,90,N,N,,,verified,31
CEVOre,nHLlnK,Mai-nd-Bockling,6,30,N,N,,,verified,89
n8itvA,nHLlnK,Maillard's Odyssey,8.5,40,N,N,,,verified,33
whHlqc,nHLlnK,Maillard's Odyssey - Beer Camp Across America,8.5,40,N,N,,,verified,28
xLOOss,q6vJUK,Mama's Little Yella Pils,5.3,35,N,N,,,verified,75
u0mJPG,p3YrOa,Man Full of Trouble,5,,N,N,,,verified,18
E5i29p,VEY3Xa,Mandarina Bavaria,4.9,,N,N,,,verified,92
dS0wsG,IImUD9,Mango Mosaic Pale Ale,5.5,29,N,N,,,verified,25
iNpc02,nHLlnK,Maple Scotch-Style Ale,7.3,43,N,N,,,verified,15
fIWpZI,AqEUBQ,Marilla Trail,10.1,,N,N,,,verified,132
EWG6gq,q6vJUK,Martzen,,,N,N,,,verified,81
mjPDnq,q6vJUK,Mash Appeal,4.3,19,N,N,,"Root vegetables, grilled sausages, pear desserts.",verified,93
fnqCGB,nLsoQ9,Maximus,8.2,72.4,N,N,,,verified,30
RVXI4q,q6vJUK,McKercher's Keller Kolsch,5.2,,N,N,,,verified,45
tupCCv,TMc6H2,Mean Joe Bean,8.5,,N,N,,,verified,18
2z4qK8,AqEUBQ,Michigan Awesome Hatter,5.8,55,N,N,,"Sharp cheddars, herb-roasted poultry and curry",verified,25
TMp47T,AqEUBQ,Michigan Hatter,4.8,,N,N,,,verified,30
RiwjnU,AqEUBQ,Michigan Wet-Hopped Harvest Ale,,,N,N,,,verified,26
1j4prL,TMc6H2,Mid Winter India Pale Ale,,,N,N,,,verified,30
xrpjYO,IImUD9,Mighty Brown,7.5,21,N,Y,,,verified,37
qxNOIk,DifSi4,Milk Stout,5.8,28,N,N,,,verified,20
JUjEnp,hGFVYy,Miller Chill,4.1,,N,N,,,verified,94
ISlZaz,hGFVYy,Miller Fortune,6.9,,N,N,,,verified,97
Y8Ar6h,hGFVYy,Miller Genuine Draft,4.66,,N,N,,,verified,94
voS2xG,hGFVYy,Miller High Life,5,,N,N,very_cold,,verified,94
KJIjyd,hGFVYy,Miller Lite,4.2,11,N,N,,,verified,94
yagN3u,hGFVYy,Miller64,2.8,,N,N,,,verified,94
dsVALR,AqEUBQ,Mischievous,5.5,14,N,N,,"Wild game, charcuterie, stone fruit",verified,170
ZYOCUN,BznahA,Mixxtail Firewalker,8,,N,N,,,verified,161
Bs70do,BznahA,Mixxtail Long Island Iced Tea,8,,N,N,,,verified,161
GWVXY3,p1tFbP,Mocha Porter,,,Y,N,,,verified,123
qQw3dE,AqEUBQ,Monkey King,5.6,23,N,N,cool,"Shellfish, spiced cheeses and citrus-laden vinaigrettes.",verified,72
JSTPos,AqEUBQ,Monkey King Saison Farmhouse Ale,6.6,,N,N,,,verified,72
2FgZ04,IImUD9,Mountain Series: Salted Caramel Brown,6.5,24,N,N,,,verified,37
pPGV1H,IImUD9,Mountain Wheat,,,N,N,,,verified,97
YWt2Ld,TMc6H2,Moving To the Country,5,40,N,N,,,verified,25
vpoGSw,nHLlnK,Moxee-Moron,7.5,70,N,N,,,verified,31
69Yqbc,nLsoQ9,Mozango,7.7,49,N,N,,,verified,30
aWUHyv,nLsoQ9,Mozango (Fusion XXXI),9,,N,N,,,verified,31
OPM4t8,DMU2Kf,Mt. Takhoma Blonde Ale,3.8,,N,N,,,verified,61
etD9Ry,VEY3Xa,Mungo Berry,4.8,,N,N,,,verified,40
Esu28L,4F7QA9,Murphy's Law Red Ale,5,20,N,N,,,verified,22
S9QxGf,nHLlnK,Myron's Walk - Beer Camp Across America,5.3,38,N,N,,,verified,62
9XJBp9,VEY3Xa,Narconaut,6.6,70,N,N,,,verified,30
Rg6aeS,nHLlnK,Narwhal,10.2,60,N,N,,,verified,43
9Qr0BU,nHLlnK,Narwhal Tawny Port Barrel Aged,11.4,,N,N,,,verified,43
Xzoo8o,BznahA,Natty Daddy,8,,N,N,,,verified,94
lFrwWQ,BznahA,Natural Ice,5.9,,N,N,,,verified,94
NZakfr,BznahA,Natural Light,4.2,,N,N,,,verified,94
TPdvZt,nHLlnK,Neomixicanus,6.5,,N,N,,,verified,30
eI5fN2,nLsoQ9,New Dogtown Pale Ale,6.2,,N,N,,,verified,25
AXkM1P,TMc6H2,New England IPA,7.5,,N,N,,,verified,172
tGCD2j,AqEUBQ,New Holland Brewing 20th Anniversary Ale,20,,N,N,,,verified,14
Bl8SsD,AqEUBQ,New Holland Dragon's Milk (Bourbon Barrel Stout),,,N,N,,,verified,44
3PXm6h,q6vJUK,Nib Sip Chub,7,,N,N,,,verified,18
OXcz6Z,p3YrOa,Nice Things IPA,6.4,37,N,N,,,verified,30
sicuOa,nLsoQ9,Night Time,7.9,65,N,N,cool,,verified,41
qVUNwf,AqEUBQ,Night Tripper,10.8,56,N,N,,,verified,43
pDZET2,AqEUBQ,Night Tripper (2011),10.8,,N,N,,,verified,43
LOVCKl,AqEUBQ,Night Tripper Barrel Aged,10.8,56,N,N,,,verified,43
B0vbr1,AqEUBQ,Night Wish,10.5,,N,N,,,verified,43
YrOqvr,IImUD9,Nitro Irish Stout,4.8,38,N,N,,,verified,23
ZliVSZ,IImUD9,Nitro Lucky U IPA,5.7,68,N,N,,,verified,30
EkVPnE,IImUD9,Nitro Orange Cream Ale,5.5,15,N,N,,,verified,109
l4L4RO,IImUD9,Nitro Series: Chocolate Orange Stout,6,13,N,N,,,verified,20
Cwuozg,IImUD9,Nitro Vanilla Porter (NVP),4.7,16,N,N,,,verified,18
TOBHd9,nHLlnK,No Middle Ground,6.9,45,N,N,,,verified,30
NJL9oB,BznahA,Noble Helles (Batch No. 32218),5,,N,N,,,verified,78
kzcLek,BznahA,Noble Hopped Lager (Batch No. 32218),5,,N,N,,,verified,93
QD9dX7,q6vJUK,Nooice,6.2,,N,N,,,verified,72
he3yMK,nHLlnK,Nooner Pilsner,5.2,38,N,N,,,verified,98
OhhDEr,nHLlnK,Nooner Session IPA,4.8,40,N,N,,"Crispy San Diego-style fish tacos, Weisswurst, Cobb Salad

White cheddar, Creamy Bleu, Asiago",verified,30
zdjQs9,VEY3Xa,Northdown,4.1,25,N,N,,,verified,1
WCKkkd,IImUD9,Now You Know,6.1,,N,N,,,verified,30
00CxqR,DifSi4,Nut Brown Ale,5.2,17,N,N,,,verified,37
2EkHBG,nHLlnK,NXS,6.5,54,N,N,,,verified,30
BEFupD,nHLlnK,NxS IPA,9,,N,N,,,verified,31
n6p2aw,BznahA,O'Doul's,0.5,,N,N,,,verified,139
4QiGHK,BznahA,O'Doul's Amber,0.5,,N,N,,,verified,101
N9aJxO,AqEUBQ,Oak Aged Mad Hatter India Pale Ale,7.22,62,N,N,,"smoked foods, tomatoes and beef",verified,31
Jio9R0,IImUD9,Oatmeal Stout,5,31,N,N,,,verified,21
1HeKZM,nHLlnK,Oatmeal Stout - Beer Camp #45,9,,N,N,,,verified,21
qACg0q,4F7QA9,Oatmeal Stout ,5.5,30,Y,N,,,verified,21
s5V8YM,q6vJUK,Obliterator,10.5,,N,N,,,verified,90
cJvlzs,DifSi4,Octoberfest,5.2,21,N,N,,,verified,81
oBponF,BznahA,Oculto,6,,N,N,,,verified,93
798rjW,nHLlnK,Oh Saisonna,8.3,,N,N,,,verified,72
ADXvig,941OaA,Oktober-Fiesta,5.5,25,N,N,cool,Sauerbraten and pretzels,verified,101
Pwu2fR,nHLlnK,Oktoberfest,6,30,N,Y,,,verified,102
Q5y7v5,nHLlnK,Oktoberfest,6,20,N,N,,"CUISINE:  German Weisswurst sausage, Roast Pork
CHEESE:  Mild Cheddar, Butterkase
DESSERT:  Apple Strudel with fresh whipped cream",verified,102
42fXwv,AqEUBQ,Oktoberfest,5.3,,N,N,,,verified,102
EcAeVx,nHLlnK,Oktoberfest,6,30,N,Y,,,verified,82
sfHgoE,nHLlnK,Oktoberfest,6.2,30,N,Y,,,verified,102
KGaPva,nHLlnK,Oktoberfest,6.1,30,N,Y,,,verified,82
twBPib,IImUD9,Oktoberfest,,,N,N,,,verified,82
YUVOGh,VEY3Xa,Oktoberfest Marzen Lager,5.4,26,N,N,,,verified,102
lr1zya,VEY3Xa,Old Ale,6.9,40,N,N,,,verified,13
jChDlj,nHLlnK,Old Chico Crystal Wheat,4.8,26,N,N,,"Citrus Salad, Sushi, Grilled Chicken",verified,25
Uz0Uxf,nHLlnK,Old Chico ESB,,,N,N,,,verified,5
kGli9E,nHLlnK,Old CHico Pale Bock,,,N,N,,,verified,88
KmsdoV,q6vJUK,Old Chub,8,25,N,N,cold,,verified,15
9bNjNs,q6vJUK,Old Chub Nitro,8,25,N,N,,,verified,15
lFMs56,q6vJUK,Old Double Bagger Barleywine,13.2,,N,N,,,verified,34
3L21AU,q6vJUK,One Hit Wonder Imperial IPA,,,N,N,,,verified,31
ZQKG7N,q6vJUK,One Nut,6.1,,N,N,,,verified,37
r4I50V,IImUD9,Ophelia,6.6,,N,N,,,verified,113
qQPhVI,q6vJUK,Oskar Blues IPA,6.43,70,N,N,cold,,verified,30
qX8i3E,q6vJUK,Oskar the G’Rauch,8.5,,N,N,,,verified,125
cCXIXP,q6vJUK,Osktoberfest,,,N,N,,,verified,82
UZD25d,nHLlnK,Otra Vez,4.5,,N,N,,,verified,165
cByN2F,nHLlnK,Otra Vez Gose With Lime & Agave,4.9,6,N,N,,,verified,165
dM2XzJ,nHLlnK,Ovila Abbey Aged Dubbel,8.5,,N,N,,,verified,58
uXdZle,nHLlnK,Ovila Abbey Brown Ale (With Mandarins and Cocoa),7,,N,N,,,verified,37
Dwhny1,nHLlnK,Ovila Abbey Quad with Plums,10.2,,N,Y,,,verified,60
7i1hXo,nHLlnK,Ovila Abbey Saison,7.5,24,N,N,,,verified,72
ONdtij,nHLlnK,Ovila Abbey Saison (w/ Mandarin Oranges and Peppercorns),7.5,24,N,N,,,verified,72
Lx7DEm,nHLlnK,Ovila Abbey Trippel,8.8,30,N,N,,"CUISINE - Roast Pork, Prosciutto-wrapped asparagus
CHEESE - Triple Creme, Gouda
DESSERT - Apricot Tart, Citrus Cheesecake",verified,59
HO9ROw,nHLlnK,Ovila Abbey White,5.3,22,N,N,,,verified,65
qGQc7S,nHLlnK,Ovila Belgian Golden Ale,8.5,,N,N,,,verified,63
3zb9Gq,nHLlnK,Ovila Dubbel,7.5,,N,N,,,verified,58
cB7Dxt,nHLlnK,Ovila Dubbel Barrel-Aged,10.8,,N,N,,,verified,132
4KIe0t,nHLlnK,Ovila Golden With Pomegranates,8.5,30,N,N,,,verified,36
AlRuKw,nHLlnK,Ovila Quad,10.5,,N,N,,,verified,59
T7K4um,nHLlnK,Ovila Quad Brandy Barrel-Aged,10.1,,N,N,,,verified,60
UuyWmA,nHLlnK,Ovila Wood-Aged Saison,7.8,,N,N,,,verified,72
8Ug3hm,q6vJUK,Oxford Education,7.3,,N,N,,,verified,12
pYkVxn,941OaA,Pacific Daylight,3.9,11,N,N,very_cold,,verified,108
fQSwqJ,BznahA,Pacific Ridge Pale Ale,,,N,N,,,verified,25
rbRRxm,AqEUBQ,Palé,7.1,,N,N,,,verified,25
cdkpyx,nHLlnK,Pale Ale,5.6,37,N,N,cold,,verified,25
CZn6nT,yX6twV,Pale Ale,5.6,33,N,N,,,verified,25
bnURKM,AqEUBQ,Paleooza,4.4,32.94,N,N,cold,"Spicy dishes, hard cheeses, greens.",verified,25
Tqu2Of,IImUD9,Pandora's Bock,7.5,16,N,Y,,,verified,88
gpCMad,AqEUBQ,Passion Blaster,6,15,N,N,,,verified,119
yjsHPX,nHLlnK,Passion Fruit Milkshake Ipa,6.2,,N,N,,,verified,172
Ln4Gn6,q6vJUK,Passion Fruit Pinner,4.9,40,N,N,,,verified,164
QkHinm,nLsoQ9,Passion Grass,5,54,N,N,,,verified,25
Y9X4cN,nHLlnK,Pat-Rye-Ot,5.6,39,N,N,,,verified,25
AJwGIV,nHLlnK,Peach IPA,5.8,,N,N,,,verified,30
dRGLDH,BznahA,Peach-a-Rita,8,,N,N,,,verified,161
KnIZVN,p1tFbP,Peach/Blueberry Hefeweizen,,,Y,N,,,verified,119
eCmjOc,p1tFbP,Pear Champagne,5.3,22,Y,N,,,verified,36
UmJ5Wm,yX6twV,Pecan Porter,8,,N,N,,,verified,18
QdCdco,AqEUBQ,Pele (Brazilian Pale Ale),7.1,,N,N,,,verified,73
7zuKpR,p3YrOa,Philly Tripel Plan B,8,,N,N,,,verified,62
XHB8Tj,AqEUBQ,Pilgrim's Dole,12,30,N,N,,Caramel and Vanilla based Desserts,verified,35
1yMrDb,nLsoQ9,Pils,6.2,35,N,N,,,verified,75
aPMdQj,p3YrOa,Pimp My Ride,7.8,,N,N,,,verified,31
NAfiYn,BznahA,Pine-Apple-Rita,8,,N,N,,,verified,161
0j4t2Z,DMU2Kf,Pinnacle Peak Pale Ale,4.2,,N,N,,,verified,25
52gmSJ,q6vJUK,Pinner Throwback IPA,4.9,35,N,N,,chili creole mussels oysters sausage seafood,verified,164
6Q7pkn,nHLlnK,Pitch-A-Tent,9,,N,N,,,verified,
7aZN1V,IImUD9,Plum Gose,4.5,,N,N,,,verified,47
L6Lk8r,nLsoQ9,Plum Jasmine Gose,9.6,,N,N,,,verified,40
AY6Jg8,DMU2Kf,Point Defiance IPA,6.1,70,N,N,,,verified,30
hbf2am,941OaA,Pomona Queen,4.8,13,N,N,cold,"Yes, please.",verified,101
T9hizi,q6vJUK,Pond Scum,,,N,N,,,verified,3
cglNbC,nHLlnK,Port Barrel Aged Biere De Garde,10.2,15,N,N,,,verified,71
0K21pW,nHLlnK,Porter,5.6,32,N,N,,,verified,18
aBYXhp,IImUD9,Porter Porter,7.5,21,N,Y,,,verified,19
bFMDB3,4F7QA9,Portsmouth Barleywine,11,100,N,N,,,verified,34
bZ8hmu,p1tFbP,Potato Schwarzbier,4.9,26,Y,N,,,verified,84
UBcopK,yX6twV,Premium 219 Pilsner,4.7,,N,N,,,verified,98
RDSydO,p3YrOa,Prince Myshkin,9,,N,N,,,verified,43
AWdfjO,q6vJUK,Priscilla,5.2,20,N,N,,,verified,65
y5dpHI,p3YrOa,Prisoner of Hell,8,,N,N,,,verified,61
NQwb75,p1tFbP,Puck American Pale Ale,5.2,,Y,N,,,verified,25
LDo4fA,AqEUBQ,Puff The Magic Cyser,8.5,,N,N,,,verified,143
FMWVLR,DMU2Kf,Puget Brown Porter,5.6,,N,N,,,verified,18
EbwOyu,TMc6H2,Pulled Porter,7.7,,N,N,,,verified,38
UimBmb,q6vJUK,Pumpkin Chub,8,,N,N,,,verified,121
EyM4tM,IImUD9,Pumpkin Spice Latte : Nitro Series,5.5,11,N,N,,,verified,42
otVuwu,yX6twV,Purebred A.P.A. Citra,6.2,67.8,N,N,,,verified,29
I1L4J0,DifSi4,Quinn's Amber Ale,4.8,19,N,N,,,verified,32
OAko81,VEY3Xa,R. Prime,6.2,65,N,N,,,verified,30
otkATx,nHLlnK,Rain Check,,,N,N,,,verified,44
s1eqWg,p1tFbP,Rainy Day Blues,6,25,Y,N,,,verified,104
WUHF66,BznahA,Rascal's Wild Red,8,,N,N,,,verified,119
NCsyAW,BznahA,Raz-Ber-Rita,8,,N,N,,,verified,161
bM2eLl,941OaA,Red Between the Lines,6.2,50,N,N,cool,"Meat, pasta, cheeses.",verified,32
p0Qbef,nHLlnK,Red Ryeot,6.5,,N,N,,,verified,117
txhujB,AqEUBQ,Red Tulip,,,N,N,,,verified,
GIO3Xe,nHLlnK,Red-oric - Beer Camp #65 (Best Of Beer Camp: Imperial Red Ale),8,,N,N,,,verified,32
7aeVlx,BznahA,Redbridge,4,,N,N,,,verified,127
UPDwhn,q6vJUK,Reeb Rye'd PA,7,65,N,N,,,verified,117
zAC6PV,IImUD9,Regal Pilsner,7,45,N,N,,,verified,98
Lt3xMf,AqEUBQ,Renee IPA,,80,N,N,,,verified,30
YVWopx,nHLlnK,Return of the Red Eye IPA,6.5,,N,N,,,verified,30
xZCUbm,DifSi4,Revered Red,5.4,,N,N,,,verified,32
bztkAM,nHLlnK,Rhizing Bines,8,70,N,Y,,"Cured ham, barbecued meats, pear and blue cheese tart, tangy chevre",verified,31
O9XhOw,AqEUBQ,RIPA,5.9,,N,N,,,verified,22
0UTcHS,VEY3Xa,Ripley Tripel,9.6,25,N,N,,,verified,59
XlDXNh,nHLlnK,River Ryed Rye IPA,6,,N,N,,,verified,117
6iwkrE,q6vJUK,Robert Beedus Jr,,,N,N,,,verified,23
WBe09U,q6vJUK,Rock Candy Hoppy Red,7.5,,N,N,,,verified,33
yBrlNu,yX6twV,Rocket Dog Rye I.P.A,6.9,62,N,N,,,verified,30
tuzag8,q6vJUK,Rockin Blues IPA,,,N,N,,,verified,30
zkfPGW,p1tFbP,Rompo Red Rye (Bourbon Barrel Aged),5.2,,Y,N,,,verified,132
M77aJE,p1tFbP,Rompo Red Rye (Corsair Quinoa Whiskey Barrel Aged),,,Y,N,,,verified,132
akZCc6,p1tFbP,Rompo Red Rye (Dickel),5.2,,Y,N,,,verified,132
TLdF50,p1tFbP,Rompo Red Rye Ale,5.6,,N,N,,,verified,117
WFjpOp,4F7QA9,Royal Impy Stout,,,N,N,,,verified,43
7faCP2,q6vJUK,Rum Barrel-Aged Ten Fidy,14.7,65,N,N,,,verified,43
EzaTJ3,941OaA,Runway IPA,6.2,50,N,N,cool,"Grilled food and salad dishes, strong cheese.",verified,73
SjPBgM,AqEUBQ,Russ' Revival,5.3,,N,N,,,verified,93
HaN457,AqEUBQ,Rustiek-Barrel Aged Belgian Amber Ale,9.4,,N,N,,,verified,32
qOKA1F,nHLlnK,Ruthless Rye IPA,6.6,55,N,N,,"Herbed Roasted Potatos, Prosciutto, Jamaican-style Jerk Chicken",verified,30
f16hLl,nLsoQ9,Ruthlessly Delicious,6.2,52,N,N,,,verified,30
lMlLXZ,DifSi4,Ryde Beer,5,22,N,N,,,verified,117
5fM3ER,p1tFbP,Rye Barrel Aged Cubcrawler,,,N,N,,,verified,11
7bnlRC,nLsoQ9,Rye Cocoa Porter - ScareCity #2,10.2,,N,N,,,verified,158
zTJ86p,AqEUBQ,Rye Hatter,6.12,60,N,N,,"blue cheese, blackened seafood, herb-roasted poultry",verified,112
Y6VFJW,p3YrOa,Rye IPA,6.8,,N,N,,,verified,30
HyTdTM,q6vJUK,Rye Times,,,N,N,,,verified,117
VdK5qM,nHLlnK,Rye Way 117,7.4,,N,N,,,verified,126
lDDTXD,nHLlnK,Ryeday the 13th,5.5,,N,N,,,verified,117
WbvFmE,q6vJUK,S Bus Imperial Brown,,,N,N,,,verified,37
a5LtHp,nLsoQ9,Sacramento Beer Week Beer,9,,N,N,,,verified,125
mcvkTZ,BznahA,Safari Amber,5,,N,N,,,verified,32
4neIJi,4F7QA9,Saison Dans La Maison ,5.6,20,Y,N,,,verified,72
yh28GV,nLsoQ9,Sakitumi,9,42,N,N,,,verified,125
htJQLM,IImUD9,Salted Grapefruit Farmhouse Ale,5.2,,N,N,,,verified,72
CLsadV,VEY3Xa,Sans Souci,5.9,30,N,N,,,verified,72
mjwrcO,p3YrOa,Satellite Stout,5.5,,N,N,,,verified,42
37s6fV,q6vJUK,Say Sean Huell Melon Dry Hopped Saison,4,,N,N,,,verified,72
Api83U,nLsoQ9,Scare City 1,7.5,60,N,N,,,verified,98
WFT0UY,nLsoQ9,Scare City 4 Imperial Wheat Wine,9.7,,N,N,,,verified,35
IzBcZt,nHLlnK,Scotch-Style Ale,7.3,,N,N,,,verified,15
Z4LnaP,TMc6H2,Second Helping IPA,7.4,,N,N,,,verified,30
gvFuE2,BznahA,Select 55,4,,N,N,,,verified,94
VgbSMs,4F7QA9,Selkie,4.9,,N,N,,,verified,22
8vbUYR,nHLlnK,Session Rye,4.5,31,N,N,,,verified,117
uAYQwf,BznahA,Shadow's Wild Black,8,,N,N,,,verified,119
gVuwQ6,941OaA,Shameless McDale,4.8,22,N,N,cold,,verified,22
1qx64W,nHLlnK,Shamrock'n Rye Ale,6.6,,N,N,,,verified,117
N87g0e,q6vJUK,Shipwrecker Circus,10.5,,N,N,,,verified,17
FtZRre,nHLlnK,Sidcar Orange IPA,6.8,35,N,N,,,verified,30
lPcmND,nHLlnK,SideCar,5.6,,N,N,,,verified,32
LB8JzL,nHLlnK,Sidecar Orange Pale Ale,5.6,35,N,N,,,verified,25
z71HIM,nHLlnK,Sierra Nevada Torpedo Cask,7.2,,N,N,,,verified,30
GCDyUs,AqEUBQ,Silent Night,11,39,N,Y,,,verified,64
ULNeg7,p1tFbP,Simcoe Pale Ale,5.2,47,Y,N,,,verified,25
lsUdvK,nHLlnK,Simmer Down Brown,7,,N,N,,,verified,37
f1MEZQ,p1tFbP,Single Barrel Rompo,,,Y,N,,,verified,132
P8KXUd,nHLlnK,Single Hop Amarillo IPA,6.7,,N,N,,,verified,30
dqKU6w,nHLlnK,Single Hop Cascade IPA,6.3,45,N,N,,,verified,30
dlm9nV,nHLlnK,Single Hop Citra IPL,5.5,,N,N,,,verified,93
G5Uxww,nHLlnK,Single Hop El Dorado Session IPA,4.6,,N,N,,,verified,164
1S3Le4,nHLlnK,Single Hop Mosaic Double IPA,6.6,47,N,N,,,verified,31
Mvh5U2,p1tFbP,Single Hop Series: Liberty,5,44,Y,N,,,verified,30
OH98hq,TMc6H2,Sinner's Son,12.4,60,N,N,,,verified,43
8ftXVJ,BznahA,Six Grain Harvest Lager (Batch No. 63118),5.5,,N,N,,,verified,93
e0bg5f,nHLlnK,Six Rights IPA -  Beer Camp,8,,N,N,,,verified,30
CI8j2t,nHLlnK,Sleight of Hand,8.3,,N,N,,,verified,
1EDyEY,AqEUBQ,Smaug's Breath,11,,N,N,,,verified,16
FlmKOv,q6vJUK,Smidy,5.2,,N,N,,,verified,20
9BJRbZ,HaPdSL,Smithwick's Premium Red Ale,4.5,,N,N,,,verified,22
K6s9S1,q6vJUK,Smoke on The Water,7,,N,N,,,verified,129
xh62VZ,yX6twV,Sneaky Pete,10,,N,N,,,verified,31
FxxNhs,nHLlnK,Snow Cone IPA,7,,N,N,,,verified,30
P2rD30,IImUD9,Snow Glare,6,23,N,N,,,verified,25
LPjakS,nHLlnK,Snow Wit,5.7,40,N,N,,"Grilled mahi-mahi with Citrus glaze, Shaved fennel and Mandarin salad, Roast Pork with orange glaze

Butterkase, fresh chèvre, Brie",verified,30
Ieu3Wi,p1tFbP,Snowday Porter,,,Y,N,,,verified,18
14UQ4N,p1tFbP,Snowman Stout,5.2,28,Y,N,,,verified,42
Bzl1Jw,AqEUBQ,Solar Coaster,6.1,,N,N,,,verified,125
fX6odn,nHLlnK,Solar Storm - Beer Camp #71,5.8,,N,N,,,verified,30
NZ5gEX,q6vJUK,Sour Cherry Ten FIDY,10,,N,N,,,verified,136
2ZwqMd,AqEUBQ,Sour Inc: Apple Rhubarb,4.5,,N,N,,,verified,47
zcGmvP,AqEUBQ,Sour Inc: Honey Ginger,4.5,,N,N,,,verified,40
nbVcip,AqEUBQ,Sour Inc: Sour Stout With Cherries,6.7,,N,N,,,verified,44
Tw2gsB,nLsoQ9,Sour Pineapple,6.1,,N,N,,,verified,40
1SYQ5O,nHLlnK,Southern Gothic Session Pils,5.6,40,N,N,,,verified,75
xXJuyA,nHLlnK,Southern Hemisphere Harvest,6.7,66,N,N,,,verified,25
Uwcqsj,q6vJUK,Southern Hemisphere Hopped ESB,6,,N,N,,,verified,5
7SC2N0,nHLlnK,Southern Hemisphere Session IPA,4.6,40,N,N,,,verified,164
KfC3l9,p3YrOa,Spanglish Fly,8,,N,N,,,verified,71
8TQNbT,q6vJUK,Spinner,5.6,54,N,N,,,verified,30
zJigjF,TMc6H2,Spinnerbait,6,25,N,N,,,verified,57
i1jKN5,BznahA,Spring Heat Spiced Wheat,5.2,,N,Y,,,verified,65
dODEDo,p1tFbP,Spruce Beersteen,6,67,Y,N,,,verified,41
sYYgGI,TMc6H2,Squeeze Box,6.1,45,N,N,,,verified,30
0c3ltk,yX6twV,St. Benny's Labby Style Ale,,,N,N,,,verified,63
onllb0,q6vJUK,Station 3,5.7,,N,N,,,verified,48
oqsjeJ,nHLlnK,Steady As She Gose,5.7,,N,N,,,verified,47
h7N6T9,4F7QA9,Stephan Urquell ,4,40,Y,N,,,verified,106
xg7BJX,q6vJUK,Sticky Icky,6.5,80,N,N,,,verified,30
D4I0lX,p1tFbP,Stone Cold Peach,5.6,30,Y,N,,,verified,72
eBelPz,BznahA,Stone Mill Organic Pale Ale,5.5,,N,N,,,verified,25
qvtSfO,nLsoQ9,Stoopid Wit,6,,N,N,,,verified,65
rHCSHp,nHLlnK,Stout,5.8,50,N,N,,,verified,42
fDUiV9,VEY3Xa,Strawberry Moon,4.3,10,N,N,,,verified,40
ZyZ1g3,nLsoQ9,Strawberry White Pale Ale,5.1,,N,N,,,verified,30
L2Nd1C,DMU2Kf,Stryker Stout,,,N,N,,,verified,42
babLje,nLsoQ9,Sucks,8,63.21,N,N,cellar,,verified,31
LfwcEu,4F7QA9,Sugarshack Saison,5.1,15,N,N,,,verified,72
h9JXAb,DifSi4,Summer Ale,4.7,11,N,N,,,verified,113
vKqrQm,VEY3Xa,Summer Gruit Ale,5.1,,N,N,,,verified,
iId6Sg,p3YrOa,Summer in Berlin,5,,N,N,,,verified,40
p6ZP0p,IImUD9,Summer Pils,5,,N,N,,,verified,98
MmaQrA,4F7QA9,Summer Rye,,,N,N,,,verified,115
AQE3Sx,p3YrOa,Summer Session,5,,N,N,,,verified,112
3Zc0Ez,IImUD9,SummerBright Ale,4.5,15,N,N,,,verified,36
5ue4ah,nHLlnK,Summerfest,5,28,N,N,,,verified,93
2yXCVa,nLsoQ9,Sumpin' Easy Ale,5.7,50.8,N,N,,,verified,25
PB49EI,BznahA,Sun Dog Amber Wheat,5.3,,N,N,,,verified,112
2Bxz64,AqEUBQ,Sundog,4.5,33,N,N,cold,"Grilled foods, caramelized onions, tomato sauce and gruyere.",verified,32
G8qBXI,nLsoQ9,Super Cluster,8,,N,N,,,verified,31
ATFslo,nHLlnK,Sweet Sunny South,4.9,23,N,N,,,verified,69
l5VbnF,TMc6H2,Sweetwater Dank Tank Big Ol' Belgian Blue Balls,9,,N,N,,,verified,167
8lmndo,TMc6H2,Sweetwater Donkey Punch!,10.2,,N,N,,,verified,34
6owRQn,TMc6H2,SweetWater Exodus Porter,,,N,N,,,verified,18
ctjbwM,TMc6H2,SweetWater Festive Ale,8.5,,N,N,,,verified,124
uzOl1k,TMc6H2,SweetWater IPA,6.3,61,N,N,,,verified,30
FDSQ5n,TMc6H2,SweetWater Mean Joe Bean,8.5,,N,N,,,verified,19
0a0nmv,TMc6H2,SweetWater Motor Boat,5.6,,N,N,,,verified,3
OGHzdU,TMc6H2,SweetWater Road Trip,5.2,,N,N,,,verified,98
XJ7ZBB,TMc6H2,SweetWater SchWheat,4.9,,N,Y,,,verified,112
XeZfaD,VEY3Xa,T.L.A. I.P.A.,5.7,75,N,N,,,verified,30
FnRwC6,TMc6H2,Take Two Pils,5.5,35,N,N,,,verified,75
GbTnYM,AqEUBQ,Tangerine Space Machine,6.8,,N,N,,,verified,30
HptKyQ,p1tFbP,Tannakin,6.2,,N,N,,,verified,42
YmuNgG,AqEUBQ,Tasmanian Hatter,7,55,N,N,,"Grilled seafood, unagi and lamb",verified,30
5ErplG,nHLlnK,Tater Ridge - Beer Camp Across America,7,35,N,N,,,verified,8
FbD1pJ,AqEUBQ,Taz IPA,6,50,N,N,,,verified,30
Rl3Yy9,q6vJUK,Ten FIDY,10.5,65,N,N,,,verified,43
44mN7a,q6vJUK,Ten FIDY,10.5,65,N,N,,,verified,43
x6bRxw,q6vJUK,Ten FIDY,10.5,65,N,N,,,verified,43
aSdzxF,q6vJUK,Ten FIDY (2016),10.5,65,N,N,,,verified,44
KVcu4B,q6vJUK,Ten Fidy - Bourbon Barrel Aged,12.9,,N,N,,,verified,43
oRKnzw,q6vJUK,Ten Fidy - Bulleit Bourbon Barrel Aged,11,,N,N,,,verified,43
6DAt6F,q6vJUK,Ten FIDY Stranahans Bourbon Barrel Aged,10.5,65,N,N,,,verified,43
cXEnHS,IImUD9,Tequila Barrel-Aged Ophelia,6.6,23,N,N,,,verified,112
Xv2EIK,BznahA,Tequiza,4.5,,N,Y,very_cold,,verified,105
vf8QTx,nHLlnK,Terra Incognita,8.5,38.5,N,N,very_cold,,verified,125
zFPtdT,p1tFbP,Tettang Lager,,,Y,N,,,verified,93
pOk8tL,HaPdSL,The 1759,9,,N,N,,,verified,32
Kktdjp,AqEUBQ,The Art Of Chaos,9,85,N,N,,,verified,31
ej16Dh,AqEUBQ,The Carhartt Woodsman,4.4,32.9,N,N,,"Burgers, BBQ, and a job well done",verified,25
vIhSst,yX6twV,The Dogfather,10,60,N,N,,,verified,43
cvma3B,yX6twV,The Dogfather Imperial Stout - Bourbon Barrel,10.85,,N,N,,,verified,16
TFcGop,nLsoQ9,The Down Low Ale,3.9,42,N,N,,,verified,25
9RNMJQ,TMc6H2,The Gimp,10.3,,N,N,,,verified,13
xlOpbL,nLsoQ9,The Hairy Eyeball,8.8,56.66,N,N,,,verified,29
R1JD13,q6vJUK,The Mutilator,7,,N,N,,,verified,90
Qgkp3b,TMc6H2,The Pit & The Pendulum,8.3,30,N,N,,,verified,170
QJZFnY,TMc6H2,The Pit & The Pendulum with Cherries,6.1,12,N,N,,,verified,136
eVgnFV,AqEUBQ,The Poet,5.2,37,N,N,cool,"Mushrooms, beef, blooming, soft-ripened cheeses and chocolate.",verified,21
ABoSrf,nLsoQ9,The Waldos’ Special Ale (2018),11.3,100,N,N,,,verified,31
7GLf2A,q6vJUK,The White Buffalo,6,,N,N,,,verified,30
JsJS48,nHLlnK,There and Back - Beer Camp Across America,5.6,40,N,N,,,verified,3
0NyrGZ,TMc6H2,Through the Brambles,6.3,2,N,N,,,verified,170
hz4rNs,p1tFbP,Thunder Ann,5.5,,N,N,,,verified,25
Pb4Zwl,IImUD9,Thunder Stout,4.95,,N,N,,,verified,42
ZzpzSy,q6vJUK,Tickled Pink,6.6,25,N,N,,,verified,72
0tWTUV,VEY3Xa,Tmavé,5.4,23,N,N,,,verified,83
zsoUNy,q6vJUK,Toked Porter,,,N,N,,,verified,18
lrTDM4,TMc6H2,Torikumi,7.5,,N,N,,,verified,36
JaS6T7,nHLlnK,Torpedo Extra IPA,7.2,65,N,N,,,verified,30
wC2GDZ,nHLlnK,Torpedo Pilsner - Beer Camp Across America,5.2,45,N,N,cold,,verified,98
kuAItj,IImUD9,Trademark Pale Ale,5.7,40,N,N,,,verified,25
i5EwQe,nHLlnK,Trip In The Woods,9.6,,N,N,,,verified,15
lPKfmK,nHLlnK,Trip In The Woods Barrel Aged Narwhal w/Red & Black Currents,9.8,,N,N,,,verified,43
T64OoT,nHLlnK,Trip In the Woods Biere De Garde,9.8,10,N,N,,,verified,71
N0usi0,nHLlnK,Trip in the Woods Madeira Quad,10.5,,N,N,,,verified,60
x3B5d8,nHLlnK,Trip in the Woods NARWHAL,9.8,,N,N,,,verified,134
TxVKov,nHLlnK,Trip in the Woods: Barrel Aged Ginger Bigfoot,11.4,,N,N,,,verified,34
JK8eXb,nHLlnK,Trip In the Woods: Cocoa Coconut Narwhal,11.8,,N,N,,,verified,43
kKHKCn,nHLlnK,Trip in the Woods: Maple Scotch,9.8,,N,N,,,verified,15
ep9tZr,nHLlnK,Trip In the Woods: Rye Dunkelweizen,9.6,28,N,N,,,verified,52
LPQCSx,nHLlnK,Trip In The Woods: Tawny Narwhal,11.4,,N,N,,,verified,16
K2y0MV,nHLlnK,Trip In the Woods: Tequila-Barrel-Aged Otra Vez,7.5,9,N,N,,,verified,165
eJ0fVE,yX6twV,Tripel  Squared,9,35,N,N,cellar,"Fish, Lamb any spicy food as it will compliment the spiciness and clear the palate",verified,59
pO0ouy,p1tFbP,Triple Smoked Cubcrawler,6,,Y,N,,,verified,129
eXzIZz,TMc6H2,TripleTail,5.5,57,N,N,,,verified,30
qPgNWv,AqEUBQ,Tripper Noche,12.1,,N,N,,,verified,43
cPLFNf,TMc6H2,Tropical Lover,4.3,,N,N,,,verified,40
BUVVgt,q6vJUK,Tropical Mama’s,5.3,40,N,N,,,verified,98
KuflHE,nHLlnK,Tropical Torpedo,6.7,55,N,N,,"CUISINE  Spicy Szechwan Beef, Jerk Chicken, Thai Green tofu Curry
CHEESE  Aged Monterey Jack Cheese, Asiago
DESSERT  Key Lime Pie, Kiwi Trifle",verified,30
4eYvNS,nLsoQ9,TuberFest,7.5,45,N,N,,,verified,102
isCgs7,nHLlnK,Tumbler,5.5,37,N,N,,,verified,37
bf76fr,nHLlnK,Twin Peaks,5,,N,N,,,verified,25
QSwjKh,AqEUBQ,Twisted Cedar,5.8,,N,N,,,verified,10
5dbIgo,TMc6H2,Twisted Fish,5.3,30,N,N,,,verified,106
65zNUD,hGFVYy,Two Hats Lime,4.2,,N,N,,,verified,94
TmGZKm,hGFVYy,Two Hats Pineapple,4.2,,N,N,,,verified,94
Mp3DgY,nHLlnK,Two-Headed Ruthless Rye IPA,9.7,,N,N,,,verified,117
4LX2Qa,yX6twV,Two-One Niner,4.8,9.4,N,N,,,verified,98
TvAG7D,AqEUBQ,Uncle Bert's Farm Market Red,5.6,,N,N,,,verified,101
ExTe8O,nHLlnK,Unfiltered Wheat Beer,4.4,,N,N,,,verified,112
lAM2hZ,nHLlnK,Unibrown,7.1,,N,N,,,verified,37
fWbkCT,p1tFbP,Unite Red IPA,,,Y,N,,,verified,33
Il48ZU,IImUD9,United in Orange,5.3,,N,N,,,verified,25
Bk34Go,IImUD9,Vanilla Porter,5.4,32,N,N,,,verified,18
tenqsI,p1tFbP,Vanilla Wheat,,,Y,N,,,verified,65
8ve3vf,q6vJUK,Velvet Elvis Stout,,,N,N,,,verified,42
7IjJ76,nHLlnK,Vienna,5.3,,N,N,,,verified,80
CJYncP,q6vJUK,Vienna Lager,5.7,,N,N,,,verified,80
MdlspB,4F7QA9,Vienna Lager,4.7,20,N,N,,,verified,80
kZ5YoL,VEY3Xa,VT Haze,4.1,40,N,N,,,verified,164
8rc5kA,DifSi4,Wachusetts IPA,5.6,50,N,N,,,verified,30
a9reE2,nLsoQ9,Waldo's Special Ale,11.5,84,N,N,,,verified,31
vxQzSS,DifSi4,Wally,7,70,N,N,,,verified,30
YH9nbt,DifSi4,Wally Junior,4.5,60,N,N,,,verified,164
R7UZkR,q6vJUK,Wango Mango,6,,N,N,,,verified,119
YcAgdR,p1tFbP,Warrior Bomb,5,80,Y,N,,,verified,30
Fkz9Mi,BznahA,Water-melon-Rita,8,,N,N,,,verified,161
6jvc3G,TMc6H2,Waterkeeper,6,,N,N,,,verified,48
l7irOy,nHLlnK,Weizenbock - Beer Camp #37,6.8,,N,N,,,verified,53
5hvNTC,IImUD9,Well Built,8.8,55,N,N,,,verified,132
60GVov,IImUD9,Well Built E.S.B.,7.8,,N,N,,,verified,5
hCMeA4,nHLlnK,West Latitude Session Rye,5.5,55,N,N,,,verified,117
iypGyz,p1tFbP,Wet Hopped American Summer,4.8,35,Y,N,,,verified,112
Jjw7Pd,nHLlnK,Wheat Of The Moment,5.7,,Y,N,,,verified,112
Me6YnI,4F7QA9,Wheat Wine,11.5,,N,N,,,verified,35
pYXY7M,TMc6H2,Whiplash,6.3,55,N,N,,,verified,30
HL52ir,p1tFbP,Whiskey Barrel Snowman Stout,5.2,28,Y,N,,,verified,42
bpJ9u8,IImUD9,White Ale,4.8,15,N,N,,,verified,65
gQiQsk,AqEUBQ,White Hatter,5.5,52,N,N,,"seafood, fennel, mushrooms",verified,62
rjJiAx,q6vJUK,White IPA - Asheville Beer Week,5.5,,N,Y,,,verified,30
JR5uca,4F7QA9,White Lightning ,6.5,25,Y,N,,,verified,30
rRe2jl,VEY3Xa,Whole Lotta Lov,5.4,20,N,N,,,verified,20
QCvO04,nHLlnK,Why Not?,6.5,,N,N,,,verified,72
vkoim1,4F7QA9,Wicked Wheat IPA ,5.6,50,Y,N,,,verified,30
655f2d,VEY3Xa,Wicket IPA,5.4,40,N,N,,,verified,2
7Yytym,nLsoQ9,Wilco Tango Foxtrot,7.8,,N,N,,,verified,37
InYD5U,BznahA,Wild Blue Blueberry Lager,8,,N,N,,,verified,68
kzMoR5,4F7QA9,Wild Thang,5,27,N,N,,,verified,36
5pJqvf,nLsoQ9,Willett Bourbon Barrel Aged Imperial Stout,11.5,,N,N,,,verified,43
9LnbQj,nLsoQ9,Willettized Coffee Stout,11.7,60,N,N,,,verified,43
1B8Hrr,nLsoQ9,Willettized Imperial Coffee Stout,12.6,35,N,N,,,verified,20
Edea9J,DifSi4,Winter Ale,6.1,23,N,N,,,verified,15
4CC8Gf,941OaA,Winter Haze,8.5,62,N,N,cold,,verified,34
dmVTls,VEY3Xa,Winter Saison,5.3,,N,N,,,verified,72
xMjKhw,nHLlnK,Wintertide Ale,6,20,N,N,,,verified,124
TpeMIM,nHLlnK,Witbier with Grapefruit,7,22,N,N,,,verified,119
KiXHLV,VEY3Xa,Witness,6,20,N,N,,,verified,65
5stK34,TMc6H2,Wookie Down,7.6,82,N,N,,,verified,33
eI4NgQ,IImUD9,Work,,,N,N,,,verified,52
SZbmSL,nLsoQ9,WTFarmhouse,8.41,,N,N,,,verified,136
x21pxt,q6vJUK,XMas Chub,8,,N,N,,,verified,124
ndBEW0,AqEUBQ,Xtra Time,4.4,11,N,N,,,verified,108
BKi6Ss,q6vJUK,Yadig? Berliner Hopfenweissen,4.3,35,N,N,,,verified,35
EqgmWc,yX6twV,Year of the Dog - Release #1,7.2,73,N,N,,,verified,33
ruYTf6,nHLlnK,Yippe Rye Aye!,5.9,,N,N,,,verified,112
CScss3,nHLlnK,Yonder Bock - Beer Camp Across America,7.7,45,N,N,,,verified,89
a8u4ic,nHLlnK,Yvan The Great - Beer Camp Across America,6.3,50,N,N,,,verified,61
9GBACV,nLsoQ9,Zepher Ale,7.5,,N,N,,,verified,
nwNOxm,BznahA,ZiegenBock Amber,4.9,,N,N,,,verified,101
EBlZnE,AqEUBQ,Zoomer,4.7,,N,N,,"Food pairings include artisan cheeses, fresh greens, fish and chicken.",verified,112
